classification_entry_id;position;average_speed;total_laps;points;status;rider_id;rider.riders_api_uuid;team_id;constructor_id;session_id;time_in_sec
64afc9c8-9606-4937-9289-9247d6ac7e1a;1.0;142.5;26;25;INSTND;487440af-cfa9-478a-903b-4e893ee18d3a;4a439bde-305a-4995-b3e7-783fa99f784a;83d499d5-4a7d-45fc-8998-78a879279bcf;3a036648-7b14-4257-8c62-245e47e4d42b;39581f5a-e003-42ee-9811-6b03b3f3ce8d;2747.541
dc18b0f9-d3c5-4ff7-8712-53618cb52d0d;2.0;141.5;26;20;INSTND;f55b433d-38b8-4d1d-bb3a-a709c82a0260;23e50438-a657-4fb0-a190-3262b5472f29;4728a8ee-8466-47f5-bb35-529b5c4453ef;b9d93efb-3cd0-4681-9de4-c412a866d568;39581f5a-e003-42ee-9811-6b03b3f3ce8d;2767.448
e8e37092-4f9a-4fff-9857-cbc6ff20b0a7;3.0;141.2;26;16;INSTND;2614e0f6-7e02-4076-a746-50f43fe3143c;71052114-5bce-4307-908c-4cc2bd387aac;39ab562f-a111-4e4d-b779-e0ca3d05e668;b9d93efb-3cd0-4681-9de4-c412a866d568;39581f5a-e003-42ee-9811-6b03b3f3ce8d;2774.073
185c8c26-335c-42b8-af05-a74794493b49;4.0;141.0;26;13;INSTND;a6108385-dd4c-490d-b02e-542ed0275f79;ea39a0af-95d3-4a37-81a7-f332efdb9216;c3322c16-1d0a-4e68-a236-fb831f9ce7d1;be77c017-cc37-41eb-aa09-2977f1789b0f;39581f5a-e003-42ee-9811-6b03b3f3ce8d;2777.172
9ea4c9e8-d304-4c4a-945d-0d4d5417837f;5.0;140.6;26;11;INSTND;66ee98b2-239c-487f-8913-aab8493ce280;71df6f0d-51c3-4cdb-9f5c-51939e6f33f2;96304d85-f379-444d-bb68-2e645fbe85a4;be77c017-cc37-41eb-aa09-2977f1789b0f;39581f5a-e003-42ee-9811-6b03b3f3ce8d;2785.677
aacf431c-523d-4627-a497-e562c96eebd6;6.0;139.5;26;10;INSTND;201ae7a4-0dc7-4191-be71-d91ac0330090;a7b4d63f-45b3-402e-b66c-001ed8a62934;be89d221-ad35-4a09-8787-b16d1d7f434a;3a036648-7b14-4257-8c62-245e47e4d42b;39581f5a-e003-42ee-9811-6b03b3f3ce8d;2807.068
2684a1fb-a140-46f1-80e1-e97963aa41ad;7.0;139.0;26;9;INSTND;58448742-f520-466a-a1a1-bf3286cce9c3;eec1f7dc-b115-44f6-82aa-73130e5c92cf;4467c3c1-5f34-47fc-bf89-85bc4a917dc1;10d5e2bc-4b0b-4875-b936-3962fbb1b877;39581f5a-e003-42ee-9811-6b03b3f3ce8d;2817.843
ea87e700-a384-4a31-a9a9-562e9a184691;8.0;139.0;26;8;INSTND;6c33de41-f014-4f17-8dc9-e6f36e61026a;525b1551-f10b-4cfd-9b43-59af6fca654b;a730b7a0-edcc-4ea1-ae11-baa3f8ad60fc;b9d93efb-3cd0-4681-9de4-c412a866d568;39581f5a-e003-42ee-9811-6b03b3f3ce8d;2817.904
39bbdfb0-fe0f-4a48-82f6-d58899034e48;9.0;138.2;26;7;INSTND;0c9405ff-e879-498c-964d-b39409361a6c;a1311c17-1099-4893-bba0-347bf43226a4;338bd219-f7c9-479d-acb3-a9221ba6f902;10d5e2bc-4b0b-4875-b936-3962fbb1b877;39581f5a-e003-42ee-9811-6b03b3f3ce8d;2833.334
b83103ab-bc01-4925-9728-af78e9f2f371;10.0;138.2;26;6;INSTND;eb47c439-e136-40ff-9534-5c612853f529;244b6f51-ac33-40ee-876d-9401dc9d1346;88f5f58f-d5fc-4e32-8f81-8c18b963df7b;10d5e2bc-4b0b-4875-b936-3962fbb1b877;39581f5a-e003-42ee-9811-6b03b3f3ce8d;2834.07
fbe48aa8-934a-4635-91f5-35d45b1b464b;11.0;137.9;26;5;INSTND;7b0687b0-90bd-4ad6-b157-8c66fb8a93cf;5dfc20db-c3c4-4ecd-9c7c-f6cfd042031a;cfd372ff-7f9f-41a3-bfad-916ca76bdfbd;3a036648-7b14-4257-8c62-245e47e4d42b;39581f5a-e003-42ee-9811-6b03b3f3ce8d;2840.076
6cac2b1d-2157-4819-9c31-d161ace89b40;12.0;137.7;26;4;INSTND;56475aa3-f3d1-485a-b6db-ca1149e1b6fa;04bf0ce4-5062-44fc-9745-ec85a8d8f8d3;566617b1-8fa6-4956-bcb6-dbb7591eda5d;babb4c4c-3608-4811-93ad-3b88cc407547;39581f5a-e003-42ee-9811-6b03b3f3ce8d;2842.898
97f7b43e-9fdb-4dca-992b-2eef1b38e3dd;13.0;136.3;25;3;INSTND;ff225c9d-64a2-43ac-a70e-62cf385a85a1;00db2312-15f2-4333-be5c-4bbff9d17aec;af0318f2-1022-41ff-8b6b-e4ec5319cd1f;be77c017-cc37-41eb-aa09-2977f1789b0f;39581f5a-e003-42ee-9811-6b03b3f3ce8d;2761.935
0fa85877-8835-4a1b-92f7-2bf1cda1d6a0;14.0;135.3;25;2;INSTND;ab06dbae-7d6e-47c3-b63f-b7ac6b7d3bcd;e622ec5b-5ccf-457c-a67f-ec028f0ddf6e;b3d6363b-dae1-4a06-8595-d9ac5f3dc1e2;10d5e2bc-4b0b-4875-b936-3962fbb1b877;39581f5a-e003-42ee-9811-6b03b3f3ce8d;2782.356
4ef84b0e-eb56-4bda-a22d-ca9c17a82a66;15.0;134.2;25;1;INSTND;a73f8ef2-784f-4f52-8511-1d315fd3a459;4113c5f7-33c5-4246-b05b-3f81f4ddbd8f;bf88381b-3f50-49c7-9086-c5936d305863;b9d93efb-3cd0-4681-9de4-c412a866d568;39581f5a-e003-42ee-9811-6b03b3f3ce8d;2805.456
d9fe9f8c-7766-4bc9-a193-f2fd23351629;16.0;133.1;25;0;INSTND;9cb55304-0ac1-401c-beb6-1a4f445018a4;66b78301-5826-4986-b11e-fa68a7bd77a7;c069c64a-0c22-407d-a7d7-05ebb925b36f;b9d93efb-3cd0-4681-9de4-c412a866d568;39581f5a-e003-42ee-9811-6b03b3f3ce8d;2828.183
58fc54e5-ec6c-400c-a662-5463ffb34331;;140.1;22;0;OUTSTND;e7e4c72e-952e-4f64-8e8a-a47ff590fade;41195f0f-9817-4a4d-913e-c1fbbb351d9b;db0d84d7-92ce-4fc0-8649-6f36171b554a;b9d93efb-3cd0-4681-9de4-c412a866d568;39581f5a-e003-42ee-9811-6b03b3f3ce8d;2364.613
0f1d4f91-b218-41fb-9526-9a3eb398387c;;140.8;18;0;OUTSTND;1abd2de7-9046-4d0a-88e3-ad801dcc235b;50b4fb1f-1785-4a9a-a65c-97d0de9daa22;db53ca6a-3362-49b9-8275-13056fe38beb;babb4c4c-3608-4811-93ad-3b88cc407547;39581f5a-e003-42ee-9811-6b03b3f3ce8d;1925.33
adeacb7f-d120-44e4-af72-2a97f027643b;;146.1;6;0;OUTSTND;ba579548-f026-402b-a607-38db5317d33f;ade5ef32-01ea-487c-95ca-491544a668ed;5876aacf-8285-4b62-a8eb-cba16aa26656;be77c017-cc37-41eb-aa09-2977f1789b0f;39581f5a-e003-42ee-9811-6b03b3f3ce8d;618.689
9708599d-eb48-4ae0-87c3-0182543ea869;;148.6;5;0;OUTSTND;6e940243-5167-4cc3-a343-a74337369b94;b0c1fea6-2dd5-4e26-8a18-0ac9fe6870e4;732e2da8-01e4-472f-821d-3597d2bf6791;babb4c4c-3608-4811-93ad-3b88cc407547;39581f5a-e003-42ee-9811-6b03b3f3ce8d;506.735
ad2c105a-a24a-4745-b859-695a07fea070;;156.2;3;0;OUTSTND;fcdd5500-a769-4ff4-8b9e-080d1849ff42;bf95d959-6a60-44f1-84b5-ded861e62578;759ec896-d815-47c4-9889-3a3541a0be3c;babb4c4c-3608-4811-93ad-3b88cc407547;39581f5a-e003-42ee-9811-6b03b3f3ce8d;289.274
db0d433c-f2f2-494b-98c9-819fd3048859;;0.0;0;0;NOTFINISHFIRST;9a441928-d1af-452d-afce-fa028c044932;f55f9c34-8621-437b-ae04-ae2418720204;1b1f6487-af2b-4785-8e94-bbc7a9c2d505;3a036648-7b14-4257-8c62-245e47e4d42b;39581f5a-e003-42ee-9811-6b03b3f3ce8d;
3477b043-cc7c-4dbb-a817-2e896e2c50a7;1.0;161.4;10;12;INSTND;f55b433d-38b8-4d1d-bb3a-a709c82a0260;23e50438-a657-4fb0-a190-3262b5472f29;4728a8ee-8466-47f5-bb35-529b5c4453ef;b9d93efb-3cd0-4681-9de4-c412a866d568;cb102c51-5f14-46c4-81fa-786d376ceae3;1229.509
09e3ba02-dc72-400a-bfe6-f059be0583e5;2.0;161.3;10;9;INSTND;e7e4c72e-952e-4f64-8e8a-a47ff590fade;41195f0f-9817-4a4d-913e-c1fbbb351d9b;db0d84d7-92ce-4fc0-8649-6f36171b554a;b9d93efb-3cd0-4681-9de4-c412a866d568;cb102c51-5f14-46c4-81fa-786d376ceae3;1230.304
c736a714-e1f5-4112-8d4d-85e53312294a;3.0;161.1;10;7;INSTND;9cb55304-0ac1-401c-beb6-1a4f445018a4;66b78301-5826-4986-b11e-fa68a7bd77a7;c069c64a-0c22-407d-a7d7-05ebb925b36f;b9d93efb-3cd0-4681-9de4-c412a866d568;cb102c51-5f14-46c4-81fa-786d376ceae3;1231.427
555925f4-6efd-4538-96b8-ac7a0a5630a2;4.0;160.3;10;6;INSTND;6c33de41-f014-4f17-8dc9-e6f36e61026a;525b1551-f10b-4cfd-9b43-59af6fca654b;a730b7a0-edcc-4ea1-ae11-baa3f8ad60fc;b9d93efb-3cd0-4681-9de4-c412a866d568;cb102c51-5f14-46c4-81fa-786d376ceae3;1238.045
4b38baaf-a35c-4080-affd-8402197aa547;5.0;160.1;10;5;INSTND;a73f8ef2-784f-4f52-8511-1d315fd3a459;4113c5f7-33c5-4246-b05b-3f81f4ddbd8f;bf88381b-3f50-49c7-9086-c5936d305863;b9d93efb-3cd0-4681-9de4-c412a866d568;cb102c51-5f14-46c4-81fa-786d376ceae3;1239.194
39c3d1f2-56c5-4a27-bfd3-a5a988902c73;6.0;160.0;10;4;INSTND;fcdd5500-a769-4ff4-8b9e-080d1849ff42;bf95d959-6a60-44f1-84b5-ded861e62578;759ec896-d815-47c4-9889-3a3541a0be3c;babb4c4c-3608-4811-93ad-3b88cc407547;cb102c51-5f14-46c4-81fa-786d376ceae3;1240.185
54e84faf-8a7d-406b-84b7-ab79b7794747;7.0;159.8;10;3;INSTND;a6108385-dd4c-490d-b02e-542ed0275f79;ea39a0af-95d3-4a37-81a7-f332efdb9216;c3322c16-1d0a-4e68-a236-fb831f9ce7d1;be77c017-cc37-41eb-aa09-2977f1789b0f;cb102c51-5f14-46c4-81fa-786d376ceae3;1241.558
66cf6647-ce09-4125-b928-7d600a23d6a8;8.0;159.6;10;2;INSTND;7b0687b0-90bd-4ad6-b157-8c66fb8a93cf;5dfc20db-c3c4-4ecd-9c7c-f6cfd042031a;cfd372ff-7f9f-41a3-bfad-916ca76bdfbd;3a036648-7b14-4257-8c62-245e47e4d42b;cb102c51-5f14-46c4-81fa-786d376ceae3;1243.097
0eccb03c-e4ce-4d01-8e33-ac2822d77627;9.0;159.6;10;1;INSTND;eb47c439-e136-40ff-9534-5c612853f529;244b6f51-ac33-40ee-876d-9401dc9d1346;88f5f58f-d5fc-4e32-8f81-8c18b963df7b;10d5e2bc-4b0b-4875-b936-3962fbb1b877;cb102c51-5f14-46c4-81fa-786d376ceae3;1243.261
535010f3-1546-461c-950e-5fa4e16352dc;10.0;159.5;10;0;INSTND;ab06dbae-7d6e-47c3-b63f-b7ac6b7d3bcd;e622ec5b-5ccf-457c-a67f-ec028f0ddf6e;b3d6363b-dae1-4a06-8595-d9ac5f3dc1e2;10d5e2bc-4b0b-4875-b936-3962fbb1b877;cb102c51-5f14-46c4-81fa-786d376ceae3;1244.093
d9becefb-c6bb-47bb-bd51-6327ca2cfe2d;11.0;159.5;10;0;INSTND;2614e0f6-7e02-4076-a746-50f43fe3143c;71052114-5bce-4307-908c-4cc2bd387aac;39ab562f-a111-4e4d-b779-e0ca3d05e668;b9d93efb-3cd0-4681-9de4-c412a866d568;cb102c51-5f14-46c4-81fa-786d376ceae3;1244.263
2f78610c-7477-4a69-a12e-e12a8735d4ab;12.0;159.4;10;0;INSTND;ba579548-f026-402b-a607-38db5317d33f;ade5ef32-01ea-487c-95ca-491544a668ed;5876aacf-8285-4b62-a8eb-cba16aa26656;be77c017-cc37-41eb-aa09-2977f1789b0f;cb102c51-5f14-46c4-81fa-786d376ceae3;1244.417
ad1b44dd-1147-426e-bf26-fec9fe68b1c1;13.0;159.3;10;0;INSTND;ff225c9d-64a2-43ac-a70e-62cf385a85a1;00db2312-15f2-4333-be5c-4bbff9d17aec;af0318f2-1022-41ff-8b6b-e4ec5319cd1f;be77c017-cc37-41eb-aa09-2977f1789b0f;cb102c51-5f14-46c4-81fa-786d376ceae3;1245.518
796b9489-3f23-442d-a46c-ddf84be0084e;14.0;159.3;10;0;INSTND;6e940243-5167-4cc3-a343-a74337369b94;b0c1fea6-2dd5-4e26-8a18-0ac9fe6870e4;732e2da8-01e4-472f-821d-3597d2bf6791;babb4c4c-3608-4811-93ad-3b88cc407547;cb102c51-5f14-46c4-81fa-786d376ceae3;1245.691
07ae3d89-9367-4b73-a567-71adc461998a;15.0;159.0;10;0;INSTND;56475aa3-f3d1-485a-b6db-ca1149e1b6fa;04bf0ce4-5062-44fc-9745-ec85a8d8f8d3;566617b1-8fa6-4956-bcb6-dbb7591eda5d;babb4c4c-3608-4811-93ad-3b88cc407547;cb102c51-5f14-46c4-81fa-786d376ceae3;1247.69
b1260a81-bccf-4b6c-9e94-a920f6e44986;16.0;159.0;10;0;INSTND;487440af-cfa9-478a-903b-4e893ee18d3a;4a439bde-305a-4995-b3e7-783fa99f784a;83d499d5-4a7d-45fc-8998-78a879279bcf;3a036648-7b14-4257-8c62-245e47e4d42b;cb102c51-5f14-46c4-81fa-786d376ceae3;1248.134
3dd09991-c590-4aa2-8bb6-51273f594162;17.0;158.6;10;0;INSTND;58448742-f520-466a-a1a1-bf3286cce9c3;eec1f7dc-b115-44f6-82aa-73130e5c92cf;4467c3c1-5f34-47fc-bf89-85bc4a917dc1;10d5e2bc-4b0b-4875-b936-3962fbb1b877;cb102c51-5f14-46c4-81fa-786d376ceae3;1251.175
9d8fb3a8-688a-455a-8e24-25114f12e214;18.0;157.6;10;0;INSTND;1113c9b8-c231-4ba7-a352-4c11c92ab9df;eb7f90b1-9373-4089-b2f5-adbc234a3526;db53ca6a-3362-49b9-8275-13056fe38beb;babb4c4c-3608-4811-93ad-3b88cc407547;cb102c51-5f14-46c4-81fa-786d376ceae3;1258.57
37581cd7-46ea-4450-9708-3ef2e07cfe53;19.0;157.1;10;0;INSTND;a463fc7c-ee5b-4fa8-9229-b041a8637051;fa8ac04c-8fa2-4c43-9aa5-cc79b1f35fb9;eed09144-b1bd-4cab-b29b-ffb1f0568d54;3a036648-7b14-4257-8c62-245e47e4d42b;cb102c51-5f14-46c4-81fa-786d376ceae3;1263.131
92d22d36-df0c-48a1-b240-7fdbd009969c;20.0;156.9;10;0;INSTND;0c9405ff-e879-498c-964d-b39409361a6c;a1311c17-1099-4893-bba0-347bf43226a4;338bd219-f7c9-479d-acb3-a9221ba6f902;10d5e2bc-4b0b-4875-b936-3962fbb1b877;cb102c51-5f14-46c4-81fa-786d376ceae3;1267.498
91e8bd10-a797-4642-9d8c-f2cc3f7acab2;;157.5;7;0;OUTSTND;66ee98b2-239c-487f-8913-aab8493ce280;71df6f0d-51c3-4cdb-9f5c-51939e6f33f2;96304d85-f379-444d-bb68-2e645fbe85a4;be77c017-cc37-41eb-aa09-2977f1789b0f;cb102c51-5f14-46c4-81fa-786d376ceae3;881.967
1363fbc4-4e84-4d2f-933e-46588b23802f;;143.8;5;0;OUTSTND;9a441928-d1af-452d-afce-fa028c044932;f55f9c34-8621-437b-ae04-ae2418720204;1b1f6487-af2b-4785-8e94-bbc7a9c2d505;3a036648-7b14-4257-8c62-245e47e4d42b;cb102c51-5f14-46c4-81fa-786d376ceae3;690.003
84373440-c0e9-48f2-bf7d-3cd89216e77e;1.0;170.1;23;25;INSTND;f55b433d-38b8-4d1d-bb3a-a709c82a0260;23e50438-a657-4fb0-a190-3262b5472f29;4728a8ee-8466-47f5-bb35-529b5c4453ef;b9d93efb-3cd0-4681-9de4-c412a866d568;4b5b2a29-a37a-488d-999b-c5e8c59a72e3;2471.195
87ba4680-a5ab-4fea-b3b2-ce64e9013363;2.0;170.0;23;20;INSTND;e7e4c72e-952e-4f64-8e8a-a47ff590fade;41195f0f-9817-4a4d-913e-c1fbbb351d9b;db0d84d7-92ce-4fc0-8649-6f36171b554a;b9d93efb-3cd0-4681-9de4-c412a866d568;4b5b2a29-a37a-488d-999b-c5e8c59a72e3;2472.302
0346658d-460f-4b55-a4e2-fcb8262631c7;3.0;169.9;23;16;INSTND;9cb55304-0ac1-401c-beb6-1a4f445018a4;66b78301-5826-4986-b11e-fa68a7bd77a7;c069c64a-0c22-407d-a7d7-05ebb925b36f;b9d93efb-3cd0-4681-9de4-c412a866d568;4b5b2a29-a37a-488d-999b-c5e8c59a72e3;2473.224
662035de-24c2-4578-9a76-5d28edbe8394;4.0;169.5;23;13;INSTND;a6108385-dd4c-490d-b02e-542ed0275f79;ea39a0af-95d3-4a37-81a7-f332efdb9216;c3322c16-1d0a-4e68-a236-fb831f9ce7d1;be77c017-cc37-41eb-aa09-2977f1789b0f;4b5b2a29-a37a-488d-999b-c5e8c59a72e3;2478.852
3996b8f3-8f49-413c-a156-ad5f4747df40;5.0;169.3;23;11;INSTND;a73f8ef2-784f-4f52-8511-1d315fd3a459;4113c5f7-33c5-4246-b05b-3f81f4ddbd8f;bf88381b-3f50-49c7-9086-c5936d305863;b9d93efb-3cd0-4681-9de4-c412a866d568;4b5b2a29-a37a-488d-999b-c5e8c59a72e3;2481.558
98aab8c8-ffdf-40e9-b96a-a075fc3085e9;6.0;169.2;23;10;INSTND;2614e0f6-7e02-4076-a746-50f43fe3143c;71052114-5bce-4307-908c-4cc2bd387aac;39ab562f-a111-4e4d-b779-e0ca3d05e668;b9d93efb-3cd0-4681-9de4-c412a866d568;4b5b2a29-a37a-488d-999b-c5e8c59a72e3;2483.084
52e8c669-4f18-4924-af6a-c4a01774e637;7.0;169.0;23;9;INSTND;9a441928-d1af-452d-afce-fa028c044932;f55f9c34-8621-437b-ae04-ae2418720204;1b1f6487-af2b-4785-8e94-bbc7a9c2d505;3a036648-7b14-4257-8c62-245e47e4d42b;4b5b2a29-a37a-488d-999b-c5e8c59a72e3;2486.133
5878e87e-3288-49f9-8c85-1654cd68c164;8.0;169.0;23;8;INSTND;ab06dbae-7d6e-47c3-b63f-b7ac6b7d3bcd;e622ec5b-5ccf-457c-a67f-ec028f0ddf6e;b3d6363b-dae1-4a06-8595-d9ac5f3dc1e2;10d5e2bc-4b0b-4875-b936-3962fbb1b877;4b5b2a29-a37a-488d-999b-c5e8c59a72e3;2487.217
355f1422-240c-4068-b8ad-4c4c98719a41;9.0;168.8;23;7;INSTND;6c33de41-f014-4f17-8dc9-e6f36e61026a;525b1551-f10b-4cfd-9b43-59af6fca654b;a730b7a0-edcc-4ea1-ae11-baa3f8ad60fc;b9d93efb-3cd0-4681-9de4-c412a866d568;4b5b2a29-a37a-488d-999b-c5e8c59a72e3;2489.516
0f4b55d6-8316-4145-b1ba-a69abbbea20d;10.0;168.7;23;6;INSTND;58448742-f520-466a-a1a1-bf3286cce9c3;eec1f7dc-b115-44f6-82aa-73130e5c92cf;4467c3c1-5f34-47fc-bf89-85bc4a917dc1;10d5e2bc-4b0b-4875-b936-3962fbb1b877;4b5b2a29-a37a-488d-999b-c5e8c59a72e3;2490.385
55946291-2dec-4457-9e52-0e3b409d98cc;11.0;168.7;23;5;INSTND;56475aa3-f3d1-485a-b6db-ca1149e1b6fa;04bf0ce4-5062-44fc-9745-ec85a8d8f8d3;566617b1-8fa6-4956-bcb6-dbb7591eda5d;babb4c4c-3608-4811-93ad-3b88cc407547;4b5b2a29-a37a-488d-999b-c5e8c59a72e3;2490.841
f12414f7-d5d2-4a81-a3a5-f6a377b4cfcb;12.0;168.4;23;4;INSTND;ff225c9d-64a2-43ac-a70e-62cf385a85a1;00db2312-15f2-4333-be5c-4bbff9d17aec;af0318f2-1022-41ff-8b6b-e4ec5319cd1f;be77c017-cc37-41eb-aa09-2977f1789b0f;4b5b2a29-a37a-488d-999b-c5e8c59a72e3;2495.819
ccba5fae-565e-4993-a97a-2a457b004506;13.0;168.3;23;3;INSTND;1113c9b8-c231-4ba7-a352-4c11c92ab9df;eb7f90b1-9373-4089-b2f5-adbc234a3526;0559ad31-a109-4bda-be4a-60a5685c29a5;babb4c4c-3608-4811-93ad-3b88cc407547;4b5b2a29-a37a-488d-999b-c5e8c59a72e3;2497.181
6554f5a4-1453-4cf1-8ab9-87843c1d4e61;14.0;168.2;23;2;INSTND;6e940243-5167-4cc3-a343-a74337369b94;b0c1fea6-2dd5-4e26-8a18-0ac9fe6870e4;732e2da8-01e4-472f-821d-3597d2bf6791;babb4c4c-3608-4811-93ad-3b88cc407547;4b5b2a29-a37a-488d-999b-c5e8c59a72e3;2497.956
121dd4fe-41a3-47ef-a273-cfc43c0e3786;15.0;168.2;23;1;INSTND;1abd2de7-9046-4d0a-88e3-ad801dcc235b;50b4fb1f-1785-4a9a-a65c-97d0de9daa22;db53ca6a-3362-49b9-8275-13056fe38beb;babb4c4c-3608-4811-93ad-3b88cc407547;4b5b2a29-a37a-488d-999b-c5e8c59a72e3;2498.317
9924b8a2-3f4c-44f8-affc-d76046f546f4;16.0;167.5;23;0;INSTND;a463fc7c-ee5b-4fa8-9229-b041a8637051;fa8ac04c-8fa2-4c43-9aa5-cc79b1f35fb9;eed09144-b1bd-4cab-b29b-ffb1f0568d54;3a036648-7b14-4257-8c62-245e47e4d42b;4b5b2a29-a37a-488d-999b-c5e8c59a72e3;2508.312
2b0ad4b4-9adf-4027-93c3-ca3d4edbd971;17.0;167.1;23;0;INSTND;0c9405ff-e879-498c-964d-b39409361a6c;a1311c17-1099-4893-bba0-347bf43226a4;338bd219-f7c9-479d-acb3-a9221ba6f902;10d5e2bc-4b0b-4875-b936-3962fbb1b877;4b5b2a29-a37a-488d-999b-c5e8c59a72e3;2514.783
2d96156a-ad56-4324-856d-89ea6773eaf7;18.0;164.3;23;0;INSTND;66ee98b2-239c-487f-8913-aab8493ce280;71df6f0d-51c3-4cdb-9f5c-51939e6f33f2;96304d85-f379-444d-bb68-2e645fbe85a4;be77c017-cc37-41eb-aa09-2977f1789b0f;4b5b2a29-a37a-488d-999b-c5e8c59a72e3;2557.514
e825f76d-2a1b-49d3-920e-ca0cd1032bba;;168.2;12;0;OUTSTND;fcdd5500-a769-4ff4-8b9e-080d1849ff42;bf95d959-6a60-44f1-84b5-ded861e62578;759ec896-d815-47c4-9889-3a3541a0be3c;babb4c4c-3608-4811-93ad-3b88cc407547;4b5b2a29-a37a-488d-999b-c5e8c59a72e3;1303.442
0d90ed99-ac84-409b-a4d9-d8fe6979ef86;;169.2;11;0;OUTSTND;ba579548-f026-402b-a607-38db5317d33f;ade5ef32-01ea-487c-95ca-491544a668ed;5876aacf-8285-4b62-a8eb-cba16aa26656;be77c017-cc37-41eb-aa09-2977f1789b0f;4b5b2a29-a37a-488d-999b-c5e8c59a72e3;1187.782
353db05e-a0bd-486a-a777-2f6fe18ccb06;;167.7;8;0;OUTSTND;487440af-cfa9-478a-903b-4e893ee18d3a;4a439bde-305a-4995-b3e7-783fa99f784a;83d499d5-4a7d-45fc-8998-78a879279bcf;3a036648-7b14-4257-8c62-245e47e4d42b;4b5b2a29-a37a-488d-999b-c5e8c59a72e3;871.545
9f3bf799-e5f6-4801-8821-1977f66813a9;1.0;169.9;11;12;INSTND;f55b433d-38b8-4d1d-bb3a-a709c82a0260;23e50438-a657-4fb0-a190-3262b5472f29;4728a8ee-8466-47f5-bb35-529b5c4453ef;b9d93efb-3cd0-4681-9de4-c412a866d568;764d1ec2-7fe8-4b82-88fd-2aa5b5ebd4be;1183.026
d0cdbfb0-0324-4210-88bd-09970829a07e;2.0;169.6;11;9;INSTND;e7e4c72e-952e-4f64-8e8a-a47ff590fade;41195f0f-9817-4a4d-913e-c1fbbb351d9b;db0d84d7-92ce-4fc0-8649-6f36171b554a;b9d93efb-3cd0-4681-9de4-c412a866d568;764d1ec2-7fe8-4b82-88fd-2aa5b5ebd4be;1185.106
be375f0e-5baa-46ea-ae3c-39975e9c37f4;3.0;169.2;11;7;INSTND;2614e0f6-7e02-4076-a746-50f43fe3143c;71052114-5bce-4307-908c-4cc2bd387aac;39ab562f-a111-4e4d-b779-e0ca3d05e668;b9d93efb-3cd0-4681-9de4-c412a866d568;764d1ec2-7fe8-4b82-88fd-2aa5b5ebd4be;1187.656
d7a15659-6658-4c87-889e-0c509431b1d5;4.0;169.0;11;6;INSTND;a73f8ef2-784f-4f52-8511-1d315fd3a459;4113c5f7-33c5-4246-b05b-3f81f4ddbd8f;bf88381b-3f50-49c7-9086-c5936d305863;b9d93efb-3cd0-4681-9de4-c412a866d568;764d1ec2-7fe8-4b82-88fd-2aa5b5ebd4be;1188.97
b9f3fd96-0a73-4fd0-b08b-04cee0386964;5.0;169.0;11;5;INSTND;a6108385-dd4c-490d-b02e-542ed0275f79;ea39a0af-95d3-4a37-81a7-f332efdb9216;c3322c16-1d0a-4e68-a236-fb831f9ce7d1;be77c017-cc37-41eb-aa09-2977f1789b0f;764d1ec2-7fe8-4b82-88fd-2aa5b5ebd4be;1189.121
b6741d9b-d999-4642-a2ad-fb1ebbb05fa7;6.0;169.0;11;4;INSTND;6c33de41-f014-4f17-8dc9-e6f36e61026a;525b1551-f10b-4cfd-9b43-59af6fca654b;a730b7a0-edcc-4ea1-ae11-baa3f8ad60fc;b9d93efb-3cd0-4681-9de4-c412a866d568;764d1ec2-7fe8-4b82-88fd-2aa5b5ebd4be;1189.405
3d551c47-84e8-443f-8aca-4d5c467e1e06;7.0;168.9;11;3;INSTND;66ee98b2-239c-487f-8913-aab8493ce280;71df6f0d-51c3-4cdb-9f5c-51939e6f33f2;96304d85-f379-444d-bb68-2e645fbe85a4;be77c017-cc37-41eb-aa09-2977f1789b0f;764d1ec2-7fe8-4b82-88fd-2aa5b5ebd4be;1190.239
b919ba37-4484-4c22-85c3-670a643a525f;8.0;168.7;11;2;INSTND;ab06dbae-7d6e-47c3-b63f-b7ac6b7d3bcd;e622ec5b-5ccf-457c-a67f-ec028f0ddf6e;b3d6363b-dae1-4a06-8595-d9ac5f3dc1e2;10d5e2bc-4b0b-4875-b936-3962fbb1b877;764d1ec2-7fe8-4b82-88fd-2aa5b5ebd4be;1191.369
dfd39eab-56bf-4ef3-b8e3-b0e6b5b28bcb;9.0;168.5;11;1;INSTND;ba579548-f026-402b-a607-38db5317d33f;ade5ef32-01ea-487c-95ca-491544a668ed;5876aacf-8285-4b62-a8eb-cba16aa26656;be77c017-cc37-41eb-aa09-2977f1789b0f;764d1ec2-7fe8-4b82-88fd-2aa5b5ebd4be;1193.008
296b8f80-7b88-411d-b464-9bd0de5baffb;10.0;168.3;11;0;INSTND;58448742-f520-466a-a1a1-bf3286cce9c3;eec1f7dc-b115-44f6-82aa-73130e5c92cf;4467c3c1-5f34-47fc-bf89-85bc4a917dc1;10d5e2bc-4b0b-4875-b936-3962fbb1b877;764d1ec2-7fe8-4b82-88fd-2aa5b5ebd4be;1194.453
c61f6f53-02b0-4e5f-a646-0540d6f91825;11.0;168.0;11;0;INSTND;fcdd5500-a769-4ff4-8b9e-080d1849ff42;bf95d959-6a60-44f1-84b5-ded861e62578;759ec896-d815-47c4-9889-3a3541a0be3c;babb4c4c-3608-4811-93ad-3b88cc407547;764d1ec2-7fe8-4b82-88fd-2aa5b5ebd4be;1196.357
9fc558fe-dbb2-498e-ab48-0e801e167921;12.0;167.9;11;0;INSTND;9cb55304-0ac1-401c-beb6-1a4f445018a4;66b78301-5826-4986-b11e-fa68a7bd77a7;c069c64a-0c22-407d-a7d7-05ebb925b36f;b9d93efb-3cd0-4681-9de4-c412a866d568;764d1ec2-7fe8-4b82-88fd-2aa5b5ebd4be;1197.043
6324a3e2-4a5a-41d4-8152-6e6f8f3dc7a8;13.0;167.6;11;0;INSTND;6e940243-5167-4cc3-a343-a74337369b94;b0c1fea6-2dd5-4e26-8a18-0ac9fe6870e4;732e2da8-01e4-472f-821d-3597d2bf6791;babb4c4c-3608-4811-93ad-3b88cc407547;764d1ec2-7fe8-4b82-88fd-2aa5b5ebd4be;1199.52
0a482c67-2d7f-4306-8b27-45fd34303dea;14.0;167.5;11;0;INSTND;56475aa3-f3d1-485a-b6db-ca1149e1b6fa;04bf0ce4-5062-44fc-9745-ec85a8d8f8d3;566617b1-8fa6-4956-bcb6-dbb7591eda5d;babb4c4c-3608-4811-93ad-3b88cc407547;764d1ec2-7fe8-4b82-88fd-2aa5b5ebd4be;1200.228
68a2da91-1cc6-457a-908f-c663181e6b46;15.0;167.3;11;0;INSTND;1abd2de7-9046-4d0a-88e3-ad801dcc235b;50b4fb1f-1785-4a9a-a65c-97d0de9daa22;db53ca6a-3362-49b9-8275-13056fe38beb;babb4c4c-3608-4811-93ad-3b88cc407547;764d1ec2-7fe8-4b82-88fd-2aa5b5ebd4be;1201.313
9519876f-fa94-4a50-a83d-2e2273018a0d;16.0;167.2;11;0;INSTND;487440af-cfa9-478a-903b-4e893ee18d3a;4a439bde-305a-4995-b3e7-783fa99f784a;83d499d5-4a7d-45fc-8998-78a879279bcf;3a036648-7b14-4257-8c62-245e47e4d42b;764d1ec2-7fe8-4b82-88fd-2aa5b5ebd4be;1202.31
bec38e40-c131-4f66-a074-15667727dd8e;17.0;167.1;11;0;INSTND;ff225c9d-64a2-43ac-a70e-62cf385a85a1;00db2312-15f2-4333-be5c-4bbff9d17aec;af0318f2-1022-41ff-8b6b-e4ec5319cd1f;be77c017-cc37-41eb-aa09-2977f1789b0f;764d1ec2-7fe8-4b82-88fd-2aa5b5ebd4be;1202.867
2ee80c27-b9a4-4845-9894-d2f44ae7ddf5;18.0;166.5;11;0;INSTND;0c9405ff-e879-498c-964d-b39409361a6c;a1311c17-1099-4893-bba0-347bf43226a4;338bd219-f7c9-479d-acb3-a9221ba6f902;10d5e2bc-4b0b-4875-b936-3962fbb1b877;764d1ec2-7fe8-4b82-88fd-2aa5b5ebd4be;1206.789
a08b518f-1696-4162-b27d-264ff16f579b;19.0;165.5;11;0;INSTND;a463fc7c-ee5b-4fa8-9229-b041a8637051;fa8ac04c-8fa2-4c43-9aa5-cc79b1f35fb9;eed09144-b1bd-4cab-b29b-ffb1f0568d54;3a036648-7b14-4257-8c62-245e47e4d42b;764d1ec2-7fe8-4b82-88fd-2aa5b5ebd4be;1214.095
840752ce-41d0-4a5a-bb41-aad05957610e;;167.1;8;0;OUTSTND;1113c9b8-c231-4ba7-a352-4c11c92ab9df;eb7f90b1-9373-4089-b2f5-adbc234a3526;0559ad31-a109-4bda-be4a-60a5685c29a5;babb4c4c-3608-4811-93ad-3b88cc407547;764d1ec2-7fe8-4b82-88fd-2aa5b5ebd4be;874.888
8c94090f-dd72-4fd2-87de-9dadac0342d4;;121.7;2;0;OUTSTND;9a441928-d1af-452d-afce-fa028c044932;f55f9c34-8621-437b-ae04-ae2418720204;1b1f6487-af2b-4785-8e94-bbc7a9c2d505;3a036648-7b14-4257-8c62-245e47e4d42b;764d1ec2-7fe8-4b82-88fd-2aa5b5ebd4be;300.265
b072c6f8-574b-4e3c-8450-6379cfdae6f5;1.0;181.3;13;12;INSTND;f55b433d-38b8-4d1d-bb3a-a709c82a0260;23e50438-a657-4fb0-a190-3262b5472f29;4728a8ee-8466-47f5-bb35-529b5c4453ef;b9d93efb-3cd0-4681-9de4-c412a866d568;c3527211-a966-40df-ba52-9413fdb1d1cc;1175.005
4791fdd2-6347-459c-ad46-019e2c4d92e1;2.0;181.2;13;9;INSTND;e7e4c72e-952e-4f64-8e8a-a47ff590fade;41195f0f-9817-4a4d-913e-c1fbbb351d9b;db0d84d7-92ce-4fc0-8649-6f36171b554a;b9d93efb-3cd0-4681-9de4-c412a866d568;c3527211-a966-40df-ba52-9413fdb1d1cc;1176.19
9a214b4a-f760-4800-bf06-3ff42fd3d49a;3.0;180.8;13;7;INSTND;9cb55304-0ac1-401c-beb6-1a4f445018a4;66b78301-5826-4986-b11e-fa68a7bd77a7;c069c64a-0c22-407d-a7d7-05ebb925b36f;b9d93efb-3cd0-4681-9de4-c412a866d568;c3527211-a966-40df-ba52-9413fdb1d1cc;1178.428
b1b60ae1-ed4c-4298-9420-2e15711181e8;4.0;180.7;13;6;INSTND;eb47c439-e136-40ff-9534-5c612853f529;244b6f51-ac33-40ee-876d-9401dc9d1346;88f5f58f-d5fc-4e32-8f81-8c18b963df7b;10d5e2bc-4b0b-4875-b936-3962fbb1b877;c3527211-a966-40df-ba52-9413fdb1d1cc;1179.397
f84c8db7-a760-4a8b-9872-dff36973f432;5.0;180.4;13;5;INSTND;a73f8ef2-784f-4f52-8511-1d315fd3a459;4113c5f7-33c5-4246-b05b-3f81f4ddbd8f;bf88381b-3f50-49c7-9086-c5936d305863;b9d93efb-3cd0-4681-9de4-c412a866d568;c3527211-a966-40df-ba52-9413fdb1d1cc;1180.795
63295d60-5018-46ca-90db-3f8caeea50aa;6.0;179.5;13;4;INSTND;a6108385-dd4c-490d-b02e-542ed0275f79;ea39a0af-95d3-4a37-81a7-f332efdb9216;c3322c16-1d0a-4e68-a236-fb831f9ce7d1;be77c017-cc37-41eb-aa09-2977f1789b0f;c3527211-a966-40df-ba52-9413fdb1d1cc;1186.705
543a0f55-586d-4c41-8402-45fe35806a6c;7.0;179.3;13;3;INSTND;fcdd5500-a769-4ff4-8b9e-080d1849ff42;bf95d959-6a60-44f1-84b5-ded861e62578;759ec896-d815-47c4-9889-3a3541a0be3c;babb4c4c-3608-4811-93ad-3b88cc407547;c3527211-a966-40df-ba52-9413fdb1d1cc;1188.442
b14aad84-b367-4fd2-bbc0-c0994230f73b;8.0;179.2;13;2;INSTND;ba579548-f026-402b-a607-38db5317d33f;ade5ef32-01ea-487c-95ca-491544a668ed;5876aacf-8285-4b62-a8eb-cba16aa26656;be77c017-cc37-41eb-aa09-2977f1789b0f;c3527211-a966-40df-ba52-9413fdb1d1cc;1189.233
0a759d76-424c-4171-bfd8-8c1c6b054e8f;9.0;179.0;13;1;INSTND;9a441928-d1af-452d-afce-fa028c044932;f55f9c34-8621-437b-ae04-ae2418720204;1b1f6487-af2b-4785-8e94-bbc7a9c2d505;3a036648-7b14-4257-8c62-245e47e4d42b;c3527211-a966-40df-ba52-9413fdb1d1cc;1190.458
d1b79ec7-0c9e-4709-9e0f-d8fda0ee50af;10.0;178.9;13;0;INSTND;487440af-cfa9-478a-903b-4e893ee18d3a;4a439bde-305a-4995-b3e7-783fa99f784a;83d499d5-4a7d-45fc-8998-78a879279bcf;3a036648-7b14-4257-8c62-245e47e4d42b;c3527211-a966-40df-ba52-9413fdb1d1cc;1191.214
05cc64e4-298a-4385-b096-a88fb9a1f865;11.0;178.8;13;0;INSTND;58448742-f520-466a-a1a1-bf3286cce9c3;eec1f7dc-b115-44f6-82aa-73130e5c92cf;4467c3c1-5f34-47fc-bf89-85bc4a917dc1;10d5e2bc-4b0b-4875-b936-3962fbb1b877;c3527211-a966-40df-ba52-9413fdb1d1cc;1191.822
a5bcd14b-ccec-456b-8027-de9d43910058;12.0;178.7;13;0;INSTND;ab06dbae-7d6e-47c3-b63f-b7ac6b7d3bcd;e622ec5b-5ccf-457c-a67f-ec028f0ddf6e;b3d6363b-dae1-4a06-8595-d9ac5f3dc1e2;10d5e2bc-4b0b-4875-b936-3962fbb1b877;c3527211-a966-40df-ba52-9413fdb1d1cc;1192.157
b1baf061-5b50-457e-91c4-18f145a8d9db;13.0;178.6;13;0;INSTND;2614e0f6-7e02-4076-a746-50f43fe3143c;71052114-5bce-4307-908c-4cc2bd387aac;39ab562f-a111-4e4d-b779-e0ca3d05e668;b9d93efb-3cd0-4681-9de4-c412a866d568;c3527211-a966-40df-ba52-9413fdb1d1cc;1192.746
a0099944-9e67-48fe-8796-d49ec4fa6c5a;14.0;178.5;13;0;INSTND;66ee98b2-239c-487f-8913-aab8493ce280;71df6f0d-51c3-4cdb-9f5c-51939e6f33f2;96304d85-f379-444d-bb68-2e645fbe85a4;be77c017-cc37-41eb-aa09-2977f1789b0f;c3527211-a966-40df-ba52-9413fdb1d1cc;1193.989
d447de43-cbfd-43d1-bd63-c22371362adf;15.0;178.4;13;0;INSTND;7b0687b0-90bd-4ad6-b157-8c66fb8a93cf;5dfc20db-c3c4-4ecd-9c7c-f6cfd042031a;cfd372ff-7f9f-41a3-bfad-916ca76bdfbd;3a036648-7b14-4257-8c62-245e47e4d42b;c3527211-a966-40df-ba52-9413fdb1d1cc;1194.154
fc30d1b5-4dcc-43b4-aee1-c49433134308;16.0;178.4;13;0;INSTND;1abd2de7-9046-4d0a-88e3-ad801dcc235b;50b4fb1f-1785-4a9a-a65c-97d0de9daa22;db53ca6a-3362-49b9-8275-13056fe38beb;babb4c4c-3608-4811-93ad-3b88cc407547;c3527211-a966-40df-ba52-9413fdb1d1cc;1194.574
898f1a92-7326-4269-8a83-29082090f8b1;17.0;178.3;13;0;INSTND;56475aa3-f3d1-485a-b6db-ca1149e1b6fa;04bf0ce4-5062-44fc-9745-ec85a8d8f8d3;566617b1-8fa6-4956-bcb6-dbb7591eda5d;babb4c4c-3608-4811-93ad-3b88cc407547;c3527211-a966-40df-ba52-9413fdb1d1cc;1195.145
34b47038-a3b0-4469-8b3b-7cb1e0860e1b;18.0;177.7;13;0;INSTND;ff225c9d-64a2-43ac-a70e-62cf385a85a1;00db2312-15f2-4333-be5c-4bbff9d17aec;af0318f2-1022-41ff-8b6b-e4ec5319cd1f;be77c017-cc37-41eb-aa09-2977f1789b0f;c3527211-a966-40df-ba52-9413fdb1d1cc;1198.953
7840ff76-9c43-4cec-be25-bf8fa622e633;19.0;177.6;13;0;INSTND;a463fc7c-ee5b-4fa8-9229-b041a8637051;fa8ac04c-8fa2-4c43-9aa5-cc79b1f35fb9;eed09144-b1bd-4cab-b29b-ffb1f0568d54;3a036648-7b14-4257-8c62-245e47e4d42b;c3527211-a966-40df-ba52-9413fdb1d1cc;1199.599
e062fefc-64a1-48dd-b698-1e65d970feff;20.0;176.6;13;0;INSTND;0c9405ff-e879-498c-964d-b39409361a6c;a1311c17-1099-4893-bba0-347bf43226a4;338bd219-f7c9-479d-acb3-a9221ba6f902;10d5e2bc-4b0b-4875-b936-3962fbb1b877;c3527211-a966-40df-ba52-9413fdb1d1cc;1206.448
5a31e583-2307-48df-ac4c-b0476cd2e8f9;;174.0;11;0;OUTSTND;6c33de41-f014-4f17-8dc9-e6f36e61026a;525b1551-f10b-4cfd-9b43-59af6fca654b;a730b7a0-edcc-4ea1-ae11-baa3f8ad60fc;b9d93efb-3cd0-4681-9de4-c412a866d568;c3527211-a966-40df-ba52-9413fdb1d1cc;1036.335
bd607e88-c6db-490b-9902-72c64ed4d58c;;180.3;6;0;OUTSTND;6e940243-5167-4cc3-a343-a74337369b94;b0c1fea6-2dd5-4e26-8a18-0ac9fe6870e4;732e2da8-01e4-472f-821d-3597d2bf6791;babb4c4c-3608-4811-93ad-3b88cc407547;c3527211-a966-40df-ba52-9413fdb1d1cc;545.56
4b27ef0b-20e3-41be-b91c-34b617d34cc5;1.0;164.7;13;12;INSTND;f55b433d-38b8-4d1d-bb3a-a709c82a0260;23e50438-a657-4fb0-a190-3262b5472f29;4728a8ee-8466-47f5-bb35-529b5c4453ef;b9d93efb-3cd0-4681-9de4-c412a866d568;7f7e2c0b-c5c4-4fe5-a76d-2a0197769004;1189.022
4a124ad6-b4ea-4498-a5d0-e779878a837b;2.0;164.6;13;9;INSTND;e7e4c72e-952e-4f64-8e8a-a47ff590fade;41195f0f-9817-4a4d-913e-c1fbbb351d9b;db0d84d7-92ce-4fc0-8649-6f36171b554a;b9d93efb-3cd0-4681-9de4-c412a866d568;7f7e2c0b-c5c4-4fe5-a76d-2a0197769004;1189.552
4e2605ba-86ff-41dc-b571-b5fa0f799404;3.0;164.4;13;7;INSTND;2614e0f6-7e02-4076-a746-50f43fe3143c;71052114-5bce-4307-908c-4cc2bd387aac;39ab562f-a111-4e4d-b779-e0ca3d05e668;b9d93efb-3cd0-4681-9de4-c412a866d568;7f7e2c0b-c5c4-4fe5-a76d-2a0197769004;1191.186
7f45b58f-7e7b-47b5-834e-20485ca9e2c1;4.0;164.3;13;6;INSTND;fcdd5500-a769-4ff4-8b9e-080d1849ff42;bf95d959-6a60-44f1-84b5-ded861e62578;759ec896-d815-47c4-9889-3a3541a0be3c;babb4c4c-3608-4811-93ad-3b88cc407547;7f7e2c0b-c5c4-4fe5-a76d-2a0197769004;1191.862
76c09265-0d19-4509-bbf6-5e181924db79;5.0;163.9;13;5;INSTND;66ee98b2-239c-487f-8913-aab8493ce280;71df6f0d-51c3-4cdb-9f5c-51939e6f33f2;96304d85-f379-444d-bb68-2e645fbe85a4;be77c017-cc37-41eb-aa09-2977f1789b0f;7f7e2c0b-c5c4-4fe5-a76d-2a0197769004;1194.307
c157a7bb-4ff7-429a-8e43-f3690a8ebb0a;6.0;163.6;13;4;INSTND;487440af-cfa9-478a-903b-4e893ee18d3a;4a439bde-305a-4995-b3e7-783fa99f784a;83d499d5-4a7d-45fc-8998-78a879279bcf;3a036648-7b14-4257-8c62-245e47e4d42b;7f7e2c0b-c5c4-4fe5-a76d-2a0197769004;1196.961
58f86e54-a3c0-4174-a410-7bc326e3ffaa;7.0;163.5;13;3;INSTND;6c33de41-f014-4f17-8dc9-e6f36e61026a;525b1551-f10b-4cfd-9b43-59af6fca654b;a730b7a0-edcc-4ea1-ae11-baa3f8ad60fc;b9d93efb-3cd0-4681-9de4-c412a866d568;7f7e2c0b-c5c4-4fe5-a76d-2a0197769004;1197.389
f719f76f-f183-4dff-ad51-ae9bd72c28fc;8.0;163.4;13;2;INSTND;56475aa3-f3d1-485a-b6db-ca1149e1b6fa;04bf0ce4-5062-44fc-9745-ec85a8d8f8d3;566617b1-8fa6-4956-bcb6-dbb7591eda5d;babb4c4c-3608-4811-93ad-3b88cc407547;7f7e2c0b-c5c4-4fe5-a76d-2a0197769004;1197.952
a5d11294-7e9b-4ea1-8fb0-ceadd5639a5c;9.0;163.3;13;1;INSTND;9a441928-d1af-452d-afce-fa028c044932;f55f9c34-8621-437b-ae04-ae2418720204;1b1f6487-af2b-4785-8e94-bbc7a9c2d505;3a036648-7b14-4257-8c62-245e47e4d42b;7f7e2c0b-c5c4-4fe5-a76d-2a0197769004;1198.88
d3e3244d-b4a9-46f3-b4e8-489f938c50d1;10.0;163.1;13;0;INSTND;58448742-f520-466a-a1a1-bf3286cce9c3;eec1f7dc-b115-44f6-82aa-73130e5c92cf;4467c3c1-5f34-47fc-bf89-85bc4a917dc1;10d5e2bc-4b0b-4875-b936-3962fbb1b877;7f7e2c0b-c5c4-4fe5-a76d-2a0197769004;1200.621
f41c50e9-6857-448a-ad7c-881e0163b5cf;11.0;163.0;13;0;INSTND;6e940243-5167-4cc3-a343-a74337369b94;b0c1fea6-2dd5-4e26-8a18-0ac9fe6870e4;732e2da8-01e4-472f-821d-3597d2bf6791;babb4c4c-3608-4811-93ad-3b88cc407547;7f7e2c0b-c5c4-4fe5-a76d-2a0197769004;1201.26
e8d3ab66-78e7-4988-8ff6-55b5c74031b6;12.0;163.0;13;0;INSTND;7b0687b0-90bd-4ad6-b157-8c66fb8a93cf;5dfc20db-c3c4-4ecd-9c7c-f6cfd042031a;cfd372ff-7f9f-41a3-bfad-916ca76bdfbd;3a036648-7b14-4257-8c62-245e47e4d42b;7f7e2c0b-c5c4-4fe5-a76d-2a0197769004;1201.48
e3f8e89a-562e-4e27-b324-3156db1d0384;13.0;163.0;13;0;INSTND;ff225c9d-64a2-43ac-a70e-62cf385a85a1;00db2312-15f2-4333-be5c-4bbff9d17aec;af0318f2-1022-41ff-8b6b-e4ec5319cd1f;be77c017-cc37-41eb-aa09-2977f1789b0f;7f7e2c0b-c5c4-4fe5-a76d-2a0197769004;1201.562
c21d32a0-14da-4d56-afd7-aadfccfd2086;14.0;162.8;13;0;INSTND;eb47c439-e136-40ff-9534-5c612853f529;244b6f51-ac33-40ee-876d-9401dc9d1346;88f5f58f-d5fc-4e32-8f81-8c18b963df7b;10d5e2bc-4b0b-4875-b936-3962fbb1b877;7f7e2c0b-c5c4-4fe5-a76d-2a0197769004;1202.632
ba49789b-3d1f-4684-9c75-9b9b8a028305;15.0;162.8;13;0;INSTND;a73f8ef2-784f-4f52-8511-1d315fd3a459;4113c5f7-33c5-4246-b05b-3f81f4ddbd8f;bf88381b-3f50-49c7-9086-c5936d305863;b9d93efb-3cd0-4681-9de4-c412a866d568;7f7e2c0b-c5c4-4fe5-a76d-2a0197769004;1202.774
2e2c63c4-b6d3-4107-af51-83db245f6709;16.0;162.6;13;0;INSTND;201ae7a4-0dc7-4191-be71-d91ac0330090;a7b4d63f-45b3-402e-b66c-001ed8a62934;be89d221-ad35-4a09-8787-b16d1d7f434a;3a036648-7b14-4257-8c62-245e47e4d42b;7f7e2c0b-c5c4-4fe5-a76d-2a0197769004;1204.403
4bd3d85c-b76f-4da7-9292-06b9ac8a894e;17.0;162.5;13;0;INSTND;ab06dbae-7d6e-47c3-b63f-b7ac6b7d3bcd;e622ec5b-5ccf-457c-a67f-ec028f0ddf6e;b3d6363b-dae1-4a06-8595-d9ac5f3dc1e2;10d5e2bc-4b0b-4875-b936-3962fbb1b877;7f7e2c0b-c5c4-4fe5-a76d-2a0197769004;1204.926
63774b77-afaf-49d9-b8ff-017d5e2d162a;18.0;160.9;13;0;INSTND;0c9405ff-e879-498c-964d-b39409361a6c;a1311c17-1099-4893-bba0-347bf43226a4;338bd219-f7c9-479d-acb3-a9221ba6f902;10d5e2bc-4b0b-4875-b936-3962fbb1b877;7f7e2c0b-c5c4-4fe5-a76d-2a0197769004;1216.529
2781d86f-6ad1-4235-8aad-290171d97eb9;19.0;160.8;13;0;INSTND;a6108385-dd4c-490d-b02e-542ed0275f79;ea39a0af-95d3-4a37-81a7-f332efdb9216;c3322c16-1d0a-4e68-a236-fb831f9ce7d1;be77c017-cc37-41eb-aa09-2977f1789b0f;7f7e2c0b-c5c4-4fe5-a76d-2a0197769004;1217.364
593eeefa-4cc3-4eba-bf9e-5bacda1a266a;20.0;158.7;13;0;INSTND;1abd2de7-9046-4d0a-88e3-ad801dcc235b;50b4fb1f-1785-4a9a-a65c-97d0de9daa22;db53ca6a-3362-49b9-8275-13056fe38beb;babb4c4c-3608-4811-93ad-3b88cc407547;7f7e2c0b-c5c4-4fe5-a76d-2a0197769004;1233.829
53b13f30-9799-4671-9d67-dd0d4d66b0fc;;141.4;4;0;OUTSTND;ba579548-f026-402b-a607-38db5317d33f;ade5ef32-01ea-487c-95ca-491544a668ed;5876aacf-8285-4b62-a8eb-cba16aa26656;be77c017-cc37-41eb-aa09-2977f1789b0f;7f7e2c0b-c5c4-4fe5-a76d-2a0197769004;426.162
4b5930ad-8498-4801-967f-109ea7b2b7be;;158.3;1;0;OUTSTND;9cb55304-0ac1-401c-beb6-1a4f445018a4;66b78301-5826-4986-b11e-fa68a7bd77a7;c069c64a-0c22-407d-a7d7-05ebb925b36f;b9d93efb-3cd0-4681-9de4-c412a866d568;7f7e2c0b-c5c4-4fe5-a76d-2a0197769004;95.172
8c630d23-bb85-4827-81d7-f9b2e4c9f342;1.0;179.3;26;25;INSTND;f55b433d-38b8-4d1d-bb3a-a709c82a0260;23e50438-a657-4fb0-a190-3262b5472f29;4728a8ee-8466-47f5-bb35-529b5c4453ef;b9d93efb-3cd0-4681-9de4-c412a866d568;8a982e72-625e-440f-aad8-5bd8801944ad;2377.244
5bc0cf10-6408-442f-a0f3-4792727f63e1;2.0;179.1;26;20;INSTND;e7e4c72e-952e-4f64-8e8a-a47ff590fade;41195f0f-9817-4a4d-913e-c1fbbb351d9b;db0d84d7-92ce-4fc0-8649-6f36171b554a;b9d93efb-3cd0-4681-9de4-c412a866d568;8a982e72-625e-440f-aad8-5bd8801944ad;2378.976
d99d65dd-da45-42ad-906b-038a61320d0d;3.0;179.1;26;16;INSTND;9cb55304-0ac1-401c-beb6-1a4f445018a4;66b78301-5826-4986-b11e-fa68a7bd77a7;c069c64a-0c22-407d-a7d7-05ebb925b36f;b9d93efb-3cd0-4681-9de4-c412a866d568;8a982e72-625e-440f-aad8-5bd8801944ad;2379.642
aa4738ee-6d5b-4b6a-a880-7f6618e6cca4;4.0;178.9;26;13;INSTND;a73f8ef2-784f-4f52-8511-1d315fd3a459;4113c5f7-33c5-4246-b05b-3f81f4ddbd8f;bf88381b-3f50-49c7-9086-c5936d305863;b9d93efb-3cd0-4681-9de4-c412a866d568;8a982e72-625e-440f-aad8-5bd8801944ad;2382.42
2dfe4b1f-f607-4725-8ee2-2218b002ee49;5.0;178.7;26;11;INSTND;eb47c439-e136-40ff-9534-5c612853f529;244b6f51-ac33-40ee-876d-9401dc9d1346;88f5f58f-d5fc-4e32-8f81-8c18b963df7b;10d5e2bc-4b0b-4875-b936-3962fbb1b877;8a982e72-625e-440f-aad8-5bd8801944ad;2384.694
659c143b-dc48-4cab-9297-4ae386fbe30c;6.0;178.1;26;10;INSTND;ab06dbae-7d6e-47c3-b63f-b7ac6b7d3bcd;e622ec5b-5ccf-457c-a67f-ec028f0ddf6e;b3d6363b-dae1-4a06-8595-d9ac5f3dc1e2;10d5e2bc-4b0b-4875-b936-3962fbb1b877;8a982e72-625e-440f-aad8-5bd8801944ad;2392.211
3108b24a-d67e-4df3-833d-4ba04f62ab42;7.0;178.1;26;9;INSTND;487440af-cfa9-478a-903b-4e893ee18d3a;4a439bde-305a-4995-b3e7-783fa99f784a;83d499d5-4a7d-45fc-8998-78a879279bcf;3a036648-7b14-4257-8c62-245e47e4d42b;8a982e72-625e-440f-aad8-5bd8801944ad;2392.469
9440b3b0-de66-4969-a2b6-bfc691cce983;8.0;177.8;26;8;INSTND;ba579548-f026-402b-a607-38db5317d33f;ade5ef32-01ea-487c-95ca-491544a668ed;5876aacf-8285-4b62-a8eb-cba16aa26656;be77c017-cc37-41eb-aa09-2977f1789b0f;8a982e72-625e-440f-aad8-5bd8801944ad;2397.173
a745d6cf-0ef7-44e5-8b59-30d06a37e9be;9.0;177.8;26;7;INSTND;ff225c9d-64a2-43ac-a70e-62cf385a85a1;00db2312-15f2-4333-be5c-4bbff9d17aec;af0318f2-1022-41ff-8b6b-e4ec5319cd1f;be77c017-cc37-41eb-aa09-2977f1789b0f;8a982e72-625e-440f-aad8-5bd8801944ad;2397.297
031eb7a8-4cad-4924-bfba-4ffe2d545e4f;10.0;177.6;26;6;INSTND;6c33de41-f014-4f17-8dc9-e6f36e61026a;525b1551-f10b-4cfd-9b43-59af6fca654b;a730b7a0-edcc-4ea1-ae11-baa3f8ad60fc;b9d93efb-3cd0-4681-9de4-c412a866d568;8a982e72-625e-440f-aad8-5bd8801944ad;2398.79
5c886529-f6ce-4c09-8a9b-090b6924f217;11.0;177.6;26;5;INSTND;6e940243-5167-4cc3-a343-a74337369b94;b0c1fea6-2dd5-4e26-8a18-0ac9fe6870e4;732e2da8-01e4-472f-821d-3597d2bf6791;babb4c4c-3608-4811-93ad-3b88cc407547;8a982e72-625e-440f-aad8-5bd8801944ad;2399.559
a4d0dd2e-6b34-4df2-b9cb-39d99a299662;12.0;177.5;26;4;INSTND;7b0687b0-90bd-4ad6-b157-8c66fb8a93cf;5dfc20db-c3c4-4ecd-9c7c-f6cfd042031a;cfd372ff-7f9f-41a3-bfad-916ca76bdfbd;3a036648-7b14-4257-8c62-245e47e4d42b;8a982e72-625e-440f-aad8-5bd8801944ad;2401.184
047d9552-6b55-4fa3-958a-70ea25d9e547;13.0;177.4;26;3;INSTND;2614e0f6-7e02-4076-a746-50f43fe3143c;71052114-5bce-4307-908c-4cc2bd387aac;39ab562f-a111-4e4d-b779-e0ca3d05e668;b9d93efb-3cd0-4681-9de4-c412a866d568;8a982e72-625e-440f-aad8-5bd8801944ad;2402.004
70adeb82-d847-4c77-b365-27768fd83ff4;14.0;177.3;26;2;INSTND;1abd2de7-9046-4d0a-88e3-ad801dcc235b;50b4fb1f-1785-4a9a-a65c-97d0de9daa22;db53ca6a-3362-49b9-8275-13056fe38beb;babb4c4c-3608-4811-93ad-3b88cc407547;8a982e72-625e-440f-aad8-5bd8801944ad;2403.341
42f34f49-543b-4773-9bf7-0653e68dba28;15.0;177.3;26;1;INSTND;fcdd5500-a769-4ff4-8b9e-080d1849ff42;bf95d959-6a60-44f1-84b5-ded861e62578;759ec896-d815-47c4-9889-3a3541a0be3c;babb4c4c-3608-4811-93ad-3b88cc407547;8a982e72-625e-440f-aad8-5bd8801944ad;2403.7
8aade0de-a07b-4a63-b1af-c3535d044aa7;16.0;177.1;26;0;INSTND;66ee98b2-239c-487f-8913-aab8493ce280;71df6f0d-51c3-4cdb-9f5c-51939e6f33f2;96304d85-f379-444d-bb68-2e645fbe85a4;be77c017-cc37-41eb-aa09-2977f1789b0f;8a982e72-625e-440f-aad8-5bd8801944ad;2406.014
a66dad93-365e-4f83-8638-da15ebf0c7e8;17.0;176.9;26;0;INSTND;56475aa3-f3d1-485a-b6db-ca1149e1b6fa;04bf0ce4-5062-44fc-9745-ec85a8d8f8d3;566617b1-8fa6-4956-bcb6-dbb7591eda5d;babb4c4c-3608-4811-93ad-3b88cc407547;8a982e72-625e-440f-aad8-5bd8801944ad;2408.339
7602074f-3a9a-4c4d-a3ce-abb705d78950;18.0;176.9;26;0;INSTND;a463fc7c-ee5b-4fa8-9229-b041a8637051;fa8ac04c-8fa2-4c43-9aa5-cc79b1f35fb9;eed09144-b1bd-4cab-b29b-ffb1f0568d54;3a036648-7b14-4257-8c62-245e47e4d42b;8a982e72-625e-440f-aad8-5bd8801944ad;2408.724
0b0389b1-8ec2-4661-b7fd-6285e3aa0840;19.0;176.1;26;0;INSTND;a6108385-dd4c-490d-b02e-542ed0275f79;ea39a0af-95d3-4a37-81a7-f332efdb9216;c3322c16-1d0a-4e68-a236-fb831f9ce7d1;be77c017-cc37-41eb-aa09-2977f1789b0f;8a982e72-625e-440f-aad8-5bd8801944ad;2419.359
86e4e6f7-2999-4bfa-ba7a-5fe70a84cb8a;20.0;175.8;26;0;INSTND;0c9405ff-e879-498c-964d-b39409361a6c;a1311c17-1099-4893-bba0-347bf43226a4;338bd219-f7c9-479d-acb3-a9221ba6f902;10d5e2bc-4b0b-4875-b936-3962fbb1b877;8a982e72-625e-440f-aad8-5bd8801944ad;2424.071
100dd348-2edf-4cec-8f65-0c4fb495de4f;;175.3;22;0;OUTSTND;58448742-f520-466a-a1a1-bf3286cce9c3;eec1f7dc-b115-44f6-82aa-73130e5c92cf;4467c3c1-5f34-47fc-bf89-85bc4a917dc1;10d5e2bc-4b0b-4875-b936-3962fbb1b877;8a982e72-625e-440f-aad8-5bd8801944ad;2056.402
c1777d5c-6856-40d1-b491-484be9534b25;;178.3;14;0;OUTSTND;9a441928-d1af-452d-afce-fa028c044932;f55f9c34-8621-437b-ae04-ae2418720204;1b1f6487-af2b-4785-8e94-bbc7a9c2d505;3a036648-7b14-4257-8c62-245e47e4d42b;8a982e72-625e-440f-aad8-5bd8801944ad;1286.705
eb178de5-d806-49c0-a349-f7f5063f0d6a;1.0;175.7;19;25;INSTND;ab06dbae-7d6e-47c3-b63f-b7ac6b7d3bcd;e622ec5b-5ccf-457c-a67f-ec028f0ddf6e;b3d6363b-dae1-4a06-8595-d9ac5f3dc1e2;10d5e2bc-4b0b-4875-b936-3962fbb1b877;d00d53fb-5bf7-40fa-88ea-79c0ed5cb7ac;2296.037
f3f10afe-286f-4a10-95af-10c91a06d5e6;2.0;175.4;19;20;INSTND;487440af-cfa9-478a-903b-4e893ee18d3a;4a439bde-305a-4995-b3e7-783fa99f784a;83d499d5-4a7d-45fc-8998-78a879279bcf;3a036648-7b14-4257-8c62-245e47e4d42b;d00d53fb-5bf7-40fa-88ea-79c0ed5cb7ac;2300.125
7f6ad814-abdb-468e-af35-fff54674d89a;3.0;175.3;19;16;INSTND;f55b433d-38b8-4d1d-bb3a-a709c82a0260;23e50438-a657-4fb0-a190-3262b5472f29;4728a8ee-8466-47f5-bb35-529b5c4453ef;b9d93efb-3cd0-4681-9de4-c412a866d568;d00d53fb-5bf7-40fa-88ea-79c0ed5cb7ac;2301.966
17cf5e99-45a0-4f19-9791-3cee0244b780;4.0;175.3;19;13;INSTND;a73f8ef2-784f-4f52-8511-1d315fd3a459;4113c5f7-33c5-4246-b05b-3f81f4ddbd8f;bf88381b-3f50-49c7-9086-c5936d305863;b9d93efb-3cd0-4681-9de4-c412a866d568;d00d53fb-5bf7-40fa-88ea-79c0ed5cb7ac;2301.983
50da9847-b531-4004-a617-32746b8ac556;5.0;175.3;19;11;INSTND;e7e4c72e-952e-4f64-8e8a-a47ff590fade;41195f0f-9817-4a4d-913e-c1fbbb351d9b;db0d84d7-92ce-4fc0-8649-6f36171b554a;b9d93efb-3cd0-4681-9de4-c412a866d568;d00d53fb-5bf7-40fa-88ea-79c0ed5cb7ac;2302.061
195a77ca-a131-4e57-8a52-a555070e706b;6.0;175.2;19;10;INSTND;a6108385-dd4c-490d-b02e-542ed0275f79;ea39a0af-95d3-4a37-81a7-f332efdb9216;c3322c16-1d0a-4e68-a236-fb831f9ce7d1;be77c017-cc37-41eb-aa09-2977f1789b0f;d00d53fb-5bf7-40fa-88ea-79c0ed5cb7ac;2303.146
6a2e9717-c797-427d-a591-f18bf6d985a0;7.0;175.1;19;9;INSTND;6e940243-5167-4cc3-a343-a74337369b94;b0c1fea6-2dd5-4e26-8a18-0ac9fe6870e4;732e2da8-01e4-472f-821d-3597d2bf6791;babb4c4c-3608-4811-93ad-3b88cc407547;d00d53fb-5bf7-40fa-88ea-79c0ed5cb7ac;2303.435
279f93be-bf09-490b-96f0-1a79f594dc53;8.0;175.1;19;8;INSTND;2614e0f6-7e02-4076-a746-50f43fe3143c;71052114-5bce-4307-908c-4cc2bd387aac;39ab562f-a111-4e4d-b779-e0ca3d05e668;b9d93efb-3cd0-4681-9de4-c412a866d568;d00d53fb-5bf7-40fa-88ea-79c0ed5cb7ac;2304.621
49a1d653-f1af-40d4-afa7-9f2e0d7ea41b;9.0;175.0;19;7;INSTND;6c33de41-f014-4f17-8dc9-e6f36e61026a;525b1551-f10b-4cfd-9b43-59af6fca654b;a730b7a0-edcc-4ea1-ae11-baa3f8ad60fc;b9d93efb-3cd0-4681-9de4-c412a866d568;d00d53fb-5bf7-40fa-88ea-79c0ed5cb7ac;2305.801
fc226454-a201-457c-8066-fc1a09a121da;10.0;174.9;19;6;INSTND;9a441928-d1af-452d-afce-fa028c044932;f55f9c34-8621-437b-ae04-ae2418720204;1b1f6487-af2b-4785-8e94-bbc7a9c2d505;3a036648-7b14-4257-8c62-245e47e4d42b;d00d53fb-5bf7-40fa-88ea-79c0ed5cb7ac;2306.357
9d30dfe2-9b86-4e79-a362-8fab20f5c96e;11.0;174.9;19;5;INSTND;66ee98b2-239c-487f-8913-aab8493ce280;71df6f0d-51c3-4cdb-9f5c-51939e6f33f2;96304d85-f379-444d-bb68-2e645fbe85a4;be77c017-cc37-41eb-aa09-2977f1789b0f;d00d53fb-5bf7-40fa-88ea-79c0ed5cb7ac;2307.355
85b912bd-532c-42c1-9043-b0a0bb21b799;12.0;174.5;19;4;INSTND;58448742-f520-466a-a1a1-bf3286cce9c3;eec1f7dc-b115-44f6-82aa-73130e5c92cf;4467c3c1-5f34-47fc-bf89-85bc4a917dc1;10d5e2bc-4b0b-4875-b936-3962fbb1b877;d00d53fb-5bf7-40fa-88ea-79c0ed5cb7ac;2312.212
ff47f6b8-cc1c-4712-8e9d-0e4916a928a3;13.0;174.5;19;3;INSTND;56475aa3-f3d1-485a-b6db-ca1149e1b6fa;04bf0ce4-5062-44fc-9745-ec85a8d8f8d3;566617b1-8fa6-4956-bcb6-dbb7591eda5d;babb4c4c-3608-4811-93ad-3b88cc407547;d00d53fb-5bf7-40fa-88ea-79c0ed5cb7ac;2312.349
9269ae65-2704-499d-9d05-606456f8d676;14.0;174.5;19;2;INSTND;ba579548-f026-402b-a607-38db5317d33f;ade5ef32-01ea-487c-95ca-491544a668ed;5876aacf-8285-4b62-a8eb-cba16aa26656;be77c017-cc37-41eb-aa09-2977f1789b0f;d00d53fb-5bf7-40fa-88ea-79c0ed5cb7ac;2312.299
265a1590-4036-4559-aae4-58c494fd2cdb;15.0;175.1;19;1;INSTND;7b0687b0-90bd-4ad6-b157-8c66fb8a93cf;5dfc20db-c3c4-4ecd-9c7c-f6cfd042031a;cfd372ff-7f9f-41a3-bfad-916ca76bdfbd;3a036648-7b14-4257-8c62-245e47e4d42b;d00d53fb-5bf7-40fa-88ea-79c0ed5cb7ac;2319.766
1641b557-ddb9-40f9-ad20-e40dc18ca643;16.0;173.3;19;0;INSTND;1abd2de7-9046-4d0a-88e3-ad801dcc235b;50b4fb1f-1785-4a9a-a65c-97d0de9daa22;db53ca6a-3362-49b9-8275-13056fe38beb;babb4c4c-3608-4811-93ad-3b88cc407547;d00d53fb-5bf7-40fa-88ea-79c0ed5cb7ac;2327.678
55f0e886-4cf6-4a0e-93a4-d521de0796f9;17.0;172.8;19;0;INSTND;ff225c9d-64a2-43ac-a70e-62cf385a85a1;00db2312-15f2-4333-be5c-4bbff9d17aec;af0318f2-1022-41ff-8b6b-e4ec5319cd1f;be77c017-cc37-41eb-aa09-2977f1789b0f;d00d53fb-5bf7-40fa-88ea-79c0ed5cb7ac;2350.262
12d6ba6b-e8a2-42ac-88b5-929c9ee81d03;18.0;172.7;19;0;INSTND;0c9405ff-e879-498c-964d-b39409361a6c;a1311c17-1099-4893-bba0-347bf43226a4;338bd219-f7c9-479d-acb3-a9221ba6f902;10d5e2bc-4b0b-4875-b936-3962fbb1b877;d00d53fb-5bf7-40fa-88ea-79c0ed5cb7ac;2352.525
26b91633-ce1d-4f6e-b2f7-0a35eae8ce9f;19.0;172.0;19;0;INSTND;a463fc7c-ee5b-4fa8-9229-b041a8637051;fa8ac04c-8fa2-4c43-9aa5-cc79b1f35fb9;eed09144-b1bd-4cab-b29b-ffb1f0568d54;3a036648-7b14-4257-8c62-245e47e4d42b;d00d53fb-5bf7-40fa-88ea-79c0ed5cb7ac;2360.921
d479ed6d-f78f-4f00-9aca-2988eb985a0d;;172.8;12;0;OUTSTND;fcdd5500-a769-4ff4-8b9e-080d1849ff42;bf95d959-6a60-44f1-84b5-ded861e62578;759ec896-d815-47c4-9889-3a3541a0be3c;babb4c4c-3608-4811-93ad-3b88cc407547;d00d53fb-5bf7-40fa-88ea-79c0ed5cb7ac;1474.718
4ca5c718-45bf-4d34-93a7-d7aa658e102a;;163.3;3;0;OUTSTND;4cff2dfb-2feb-4264-9a17-8a67189c204c;a2f51450-cb43-4d32-8eef-bda9ebb435ed;01f53195-1028-4e06-8f61-4dc1f4df54c2;3a036648-7b14-4257-8c62-245e47e4d42b;d00d53fb-5bf7-40fa-88ea-79c0ed5cb7ac;390.109
72c8f964-cb2c-40e6-b0c4-98d7ae26aa1f;;172.3;3;0;OUTSTND;9cb55304-0ac1-401c-beb6-1a4f445018a4;66b78301-5826-4986-b11e-fa68a7bd77a7;c069c64a-0c22-407d-a7d7-05ebb925b36f;b9d93efb-3cd0-4681-9de4-c412a866d568;d00d53fb-5bf7-40fa-88ea-79c0ed5cb7ac;369.643
83594570-815f-4454-90e9-b90973082dc8;1.0;161.1;19;25;INSTND;9cb55304-0ac1-401c-beb6-1a4f445018a4;66b78301-5826-4986-b11e-fa68a7bd77a7;c069c64a-0c22-407d-a7d7-05ebb925b36f;b9d93efb-3cd0-4681-9de4-c412a866d568;a4430ad3-d6c1-49a6-aea3-f269e641ed7b;2340.191
11adbfbe-6af3-4ad3-974b-65a43c29075d;2.0;160.9;19;20;INSTND;e7e4c72e-952e-4f64-8e8a-a47ff590fade;41195f0f-9817-4a4d-913e-c1fbbb351d9b;db0d84d7-92ce-4fc0-8649-6f36171b554a;b9d93efb-3cd0-4681-9de4-c412a866d568;a4430ad3-d6c1-49a6-aea3-f269e641ed7b;2342.28
0d7b3218-eed0-44f8-9088-f1832115a154;3.0;160.8;19;16;INSTND;6c33de41-f014-4f17-8dc9-e6f36e61026a;525b1551-f10b-4cfd-9b43-59af6fca654b;a730b7a0-edcc-4ea1-ae11-baa3f8ad60fc;b9d93efb-3cd0-4681-9de4-c412a866d568;a4430ad3-d6c1-49a6-aea3-f269e641ed7b;2343.785
8cb01be0-3964-44e6-8db9-bc3a5baa6153;4.0;160.4;19;13;INSTND;a73f8ef2-784f-4f52-8511-1d315fd3a459;4113c5f7-33c5-4246-b05b-3f81f4ddbd8f;bf88381b-3f50-49c7-9086-c5936d305863;b9d93efb-3cd0-4681-9de4-c412a866d568;a4430ad3-d6c1-49a6-aea3-f269e641ed7b;2350.923
47ad02a9-3b9c-4206-b3ff-844f60c184f5;5.0;160.3;19;11;INSTND;6e940243-5167-4cc3-a343-a74337369b94;b0c1fea6-2dd5-4e26-8a18-0ac9fe6870e4;732e2da8-01e4-472f-821d-3597d2bf6791;babb4c4c-3608-4811-93ad-3b88cc407547;a4430ad3-d6c1-49a6-aea3-f269e641ed7b;2352.048
57ab86c3-8f36-4391-91e6-c72165cab0f4;6.0;160.2;19;10;INSTND;ab06dbae-7d6e-47c3-b63f-b7ac6b7d3bcd;e622ec5b-5ccf-457c-a67f-ec028f0ddf6e;b3d6363b-dae1-4a06-8595-d9ac5f3dc1e2;10d5e2bc-4b0b-4875-b936-3962fbb1b877;a4430ad3-d6c1-49a6-aea3-f269e641ed7b;2352.429
e7faed70-2341-40ac-bb34-b73b27bca6af;7.0;160.2;19;9;INSTND;ff225c9d-64a2-43ac-a70e-62cf385a85a1;00db2312-15f2-4333-be5c-4bbff9d17aec;af0318f2-1022-41ff-8b6b-e4ec5319cd1f;be77c017-cc37-41eb-aa09-2977f1789b0f;a4430ad3-d6c1-49a6-aea3-f269e641ed7b;2353.006
094058d9-32f2-427e-9115-945fb1dedf9a;8.0;160.0;19;8;INSTND;7b0687b0-90bd-4ad6-b157-8c66fb8a93cf;5dfc20db-c3c4-4ecd-9c7c-f6cfd042031a;cfd372ff-7f9f-41a3-bfad-916ca76bdfbd;3a036648-7b14-4257-8c62-245e47e4d42b;a4430ad3-d6c1-49a6-aea3-f269e641ed7b;2355.837
bd4e2e99-59d0-44c1-959f-bb3bb459b6c5;9.0;160.0;19;7;INSTND;eb47c439-e136-40ff-9534-5c612853f529;244b6f51-ac33-40ee-876d-9401dc9d1346;88f5f58f-d5fc-4e32-8f81-8c18b963df7b;10d5e2bc-4b0b-4875-b936-3962fbb1b877;a4430ad3-d6c1-49a6-aea3-f269e641ed7b;2356.535
cf198d04-528f-4723-a01b-a457ef7610e8;10.0;159.8;19;6;INSTND;fcdd5500-a769-4ff4-8b9e-080d1849ff42;bf95d959-6a60-44f1-84b5-ded861e62578;759ec896-d815-47c4-9889-3a3541a0be3c;babb4c4c-3608-4811-93ad-3b88cc407547;a4430ad3-d6c1-49a6-aea3-f269e641ed7b;2358.446
96990600-7a88-4f20-bb5e-95707a32ab8f;11.0;159.4;19;5;INSTND;56475aa3-f3d1-485a-b6db-ca1149e1b6fa;04bf0ce4-5062-44fc-9745-ec85a8d8f8d3;566617b1-8fa6-4956-bcb6-dbb7591eda5d;babb4c4c-3608-4811-93ad-3b88cc407547;a4430ad3-d6c1-49a6-aea3-f269e641ed7b;2364.447
ea88208e-e691-4f28-89de-779b4c42acc6;12.0;159.2;19;4;INSTND;58448742-f520-466a-a1a1-bf3286cce9c3;eec1f7dc-b115-44f6-82aa-73130e5c92cf;4467c3c1-5f34-47fc-bf89-85bc4a917dc1;10d5e2bc-4b0b-4875-b936-3962fbb1b877;a4430ad3-d6c1-49a6-aea3-f269e641ed7b;2368.129
08a3f628-0d28-4b0e-ae59-29da3182796e;13.0;158.7;19;3;INSTND;1113c9b8-c231-4ba7-a352-4c11c92ab9df;eb7f90b1-9373-4089-b2f5-adbc234a3526;db53ca6a-3362-49b9-8275-13056fe38beb;babb4c4c-3608-4811-93ad-3b88cc407547;a4430ad3-d6c1-49a6-aea3-f269e641ed7b;2375.931
df38ba31-d587-4195-9a0a-7f99433883aa;14.0;158.2;19;2;INSTND;66ee98b2-239c-487f-8913-aab8493ce280;71df6f0d-51c3-4cdb-9f5c-51939e6f33f2;96304d85-f379-444d-bb68-2e645fbe85a4;be77c017-cc37-41eb-aa09-2977f1789b0f;a4430ad3-d6c1-49a6-aea3-f269e641ed7b;2382.915
429a2250-1fa3-4706-b963-4a38dfd064b4;15.0;158.0;19;1;INSTND;0c9405ff-e879-498c-964d-b39409361a6c;a1311c17-1099-4893-bba0-347bf43226a4;338bd219-f7c9-479d-acb3-a9221ba6f902;10d5e2bc-4b0b-4875-b936-3962fbb1b877;a4430ad3-d6c1-49a6-aea3-f269e641ed7b;2386.588
d3e66c3b-4207-4df8-9a2f-95c08bf11f13;16.0;156.8;19;0;INSTND;a463fc7c-ee5b-4fa8-9229-b041a8637051;fa8ac04c-8fa2-4c43-9aa5-cc79b1f35fb9;eed09144-b1bd-4cab-b29b-ffb1f0568d54;3a036648-7b14-4257-8c62-245e47e4d42b;a4430ad3-d6c1-49a6-aea3-f269e641ed7b;2403.792
bc2ddf97-5201-4662-add1-de4668b28800;17.0;140.4;17;0;INSTND;487440af-cfa9-478a-903b-4e893ee18d3a;4a439bde-305a-4995-b3e7-783fa99f784a;83d499d5-4a7d-45fc-8998-78a879279bcf;3a036648-7b14-4257-8c62-245e47e4d42b;a4430ad3-d6c1-49a6-aea3-f269e641ed7b;2401.901
fe7849e5-f342-4027-99e3-2d862cb83af1;;160.3;16;0;OUTSTND;2614e0f6-7e02-4076-a746-50f43fe3143c;71052114-5bce-4307-908c-4cc2bd387aac;39ab562f-a111-4e4d-b779-e0ca3d05e668;b9d93efb-3cd0-4681-9de4-c412a866d568;a4430ad3-d6c1-49a6-aea3-f269e641ed7b;1980.344
16d36607-c4ac-4c4d-aa18-09fed3179376;;156.1;12;0;OUTSTND;f55b433d-38b8-4d1d-bb3a-a709c82a0260;23e50438-a657-4fb0-a190-3262b5472f29;4728a8ee-8466-47f5-bb35-529b5c4453ef;b9d93efb-3cd0-4681-9de4-c412a866d568;a4430ad3-d6c1-49a6-aea3-f269e641ed7b;1524.728
62dad6cd-645d-4157-afbb-530a1e681363;;160.2;12;0;OUTSTND;ba579548-f026-402b-a607-38db5317d33f;ade5ef32-01ea-487c-95ca-491544a668ed;5876aacf-8285-4b62-a8eb-cba16aa26656;be77c017-cc37-41eb-aa09-2977f1789b0f;a4430ad3-d6c1-49a6-aea3-f269e641ed7b;1486.239
21349cf3-b039-447c-a063-4ee59456ad46;;153.8;11;0;OUTSTND;9a441928-d1af-452d-afce-fa028c044932;f55f9c34-8621-437b-ae04-ae2418720204;1b1f6487-af2b-4785-8e94-bbc7a9c2d505;3a036648-7b14-4257-8c62-245e47e4d42b;a4430ad3-d6c1-49a6-aea3-f269e641ed7b;1418.877
c8a0e1f2-745b-43bf-95f6-1b838e9b2f13;;156.0;10;0;OUTSTND;a6108385-dd4c-490d-b02e-542ed0275f79;ea39a0af-95d3-4a37-81a7-f332efdb9216;c3322c16-1d0a-4e68-a236-fb831f9ce7d1;be77c017-cc37-41eb-aa09-2977f1789b0f;a4430ad3-d6c1-49a6-aea3-f269e641ed7b;1272.056
c1696883-6a8c-46a3-9a42-1f5ebc51b803;1.0;175.0;25;25;INSTND;f55b433d-38b8-4d1d-bb3a-a709c82a0260;23e50438-a657-4fb0-a190-3262b5472f29;4728a8ee-8466-47f5-bb35-529b5c4453ef;b9d93efb-3cd0-4681-9de4-c412a866d568;70e86291-e811-4f10-b7da-8778b1b1d3ab;2471.1
1dd10f32-ed93-482c-a58e-aaca13794dc7;2.0;174.9;25;20;INSTND;e7e4c72e-952e-4f64-8e8a-a47ff590fade;41195f0f-9817-4a4d-913e-c1fbbb351d9b;db0d84d7-92ce-4fc0-8649-6f36171b554a;b9d93efb-3cd0-4681-9de4-c412a866d568;70e86291-e811-4f10-b7da-8778b1b1d3ab;2472.462
2ed1ebb7-ed5e-4f14-9aad-1eb8013dc151;3.0;174.7;25;16;INSTND;a73f8ef2-784f-4f52-8511-1d315fd3a459;4113c5f7-33c5-4246-b05b-3f81f4ddbd8f;bf88381b-3f50-49c7-9086-c5936d305863;b9d93efb-3cd0-4681-9de4-c412a866d568;70e86291-e811-4f10-b7da-8778b1b1d3ab;2475.795
518f5594-0e2b-4e82-9e41-906c6aeb1872;4.0;174.6;25;13;INSTND;9cb55304-0ac1-401c-beb6-1a4f445018a4;66b78301-5826-4986-b11e-fa68a7bd77a7;c069c64a-0c22-407d-a7d7-05ebb925b36f;b9d93efb-3cd0-4681-9de4-c412a866d568;70e86291-e811-4f10-b7da-8778b1b1d3ab;2476.636
67df8c2b-8dac-42a7-a64b-56288545b4ee;5.0;174.5;25;11;INSTND;6c33de41-f014-4f17-8dc9-e6f36e61026a;525b1551-f10b-4cfd-9b43-59af6fca654b;a730b7a0-edcc-4ea1-ae11-baa3f8ad60fc;b9d93efb-3cd0-4681-9de4-c412a866d568;70e86291-e811-4f10-b7da-8778b1b1d3ab;2478.238
43397937-b1e1-4922-874b-2045d4ecabaf;6.0;174.5;25;10;INSTND;487440af-cfa9-478a-903b-4e893ee18d3a;4a439bde-305a-4995-b3e7-783fa99f784a;83d499d5-4a7d-45fc-8998-78a879279bcf;3a036648-7b14-4257-8c62-245e47e4d42b;70e86291-e811-4f10-b7da-8778b1b1d3ab;2478.587
d955eeb5-d2c0-4274-87cf-86947f491979;7.0;174.0;25;9;INSTND;ba579548-f026-402b-a607-38db5317d33f;ade5ef32-01ea-487c-95ca-491544a668ed;5876aacf-8285-4b62-a8eb-cba16aa26656;be77c017-cc37-41eb-aa09-2977f1789b0f;70e86291-e811-4f10-b7da-8778b1b1d3ab;2485.394
6f8f7c81-3f86-4c91-9822-7697bb7e380f;8.0;173.9;25;8;INSTND;a6108385-dd4c-490d-b02e-542ed0275f79;ea39a0af-95d3-4a37-81a7-f332efdb9216;c3322c16-1d0a-4e68-a236-fb831f9ce7d1;be77c017-cc37-41eb-aa09-2977f1789b0f;70e86291-e811-4f10-b7da-8778b1b1d3ab;2486.746
45b3e4aa-7ae3-4572-84c4-a213329b8c04;9.0;173.9;25;7;INSTND;9a441928-d1af-452d-afce-fa028c044932;f55f9c34-8621-437b-ae04-ae2418720204;1b1f6487-af2b-4785-8e94-bbc7a9c2d505;3a036648-7b14-4257-8c62-245e47e4d42b;70e86291-e811-4f10-b7da-8778b1b1d3ab;2486.887
4839341d-1411-4ab6-b70f-4cd7bc71a875;10.0;173.9;25;6;INSTND;7b0687b0-90bd-4ad6-b157-8c66fb8a93cf;5dfc20db-c3c4-4ecd-9c7c-f6cfd042031a;cfd372ff-7f9f-41a3-bfad-916ca76bdfbd;3a036648-7b14-4257-8c62-245e47e4d42b;70e86291-e811-4f10-b7da-8778b1b1d3ab;2487.125
8d434a2d-d15a-4441-ad31-b65d250cd3ec;11.0;173.5;25;5;INSTND;56475aa3-f3d1-485a-b6db-ca1149e1b6fa;04bf0ce4-5062-44fc-9745-ec85a8d8f8d3;566617b1-8fa6-4956-bcb6-dbb7591eda5d;babb4c4c-3608-4811-93ad-3b88cc407547;70e86291-e811-4f10-b7da-8778b1b1d3ab;2492.763
801466aa-0702-4daa-9f79-5e9416987b4a;12.0;173.4;25;4;INSTND;66ee98b2-239c-487f-8913-aab8493ce280;71df6f0d-51c3-4cdb-9f5c-51939e6f33f2;96304d85-f379-444d-bb68-2e645fbe85a4;be77c017-cc37-41eb-aa09-2977f1789b0f;70e86291-e811-4f10-b7da-8778b1b1d3ab;2493.419
5e275a40-4090-4069-9c3b-4f5311dad93a;13.0;173.3;25;3;INSTND;6e940243-5167-4cc3-a343-a74337369b94;b0c1fea6-2dd5-4e26-8a18-0ac9fe6870e4;732e2da8-01e4-472f-821d-3597d2bf6791;babb4c4c-3608-4811-93ad-3b88cc407547;70e86291-e811-4f10-b7da-8778b1b1d3ab;2494.586
7e538b6d-3b9d-4669-b16b-7999697be905;14.0;173.2;25;2;INSTND;fcdd5500-a769-4ff4-8b9e-080d1849ff42;bf95d959-6a60-44f1-84b5-ded861e62578;759ec896-d815-47c4-9889-3a3541a0be3c;babb4c4c-3608-4811-93ad-3b88cc407547;70e86291-e811-4f10-b7da-8778b1b1d3ab;2496.248
62993b80-af3c-407e-893c-a219005098ca;15.0;173.1;25;1;INSTND;58448742-f520-466a-a1a1-bf3286cce9c3;eec1f7dc-b115-44f6-82aa-73130e5c92cf;4467c3c1-5f34-47fc-bf89-85bc4a917dc1;10d5e2bc-4b0b-4875-b936-3962fbb1b877;70e86291-e811-4f10-b7da-8778b1b1d3ab;2498.014
d3ad1374-0aa7-493d-99d2-8663a9ef216e;16.0;173.1;25;0;INSTND;2614e0f6-7e02-4076-a746-50f43fe3143c;71052114-5bce-4307-908c-4cc2bd387aac;39ab562f-a111-4e4d-b779-e0ca3d05e668;b9d93efb-3cd0-4681-9de4-c412a866d568;70e86291-e811-4f10-b7da-8778b1b1d3ab;2498.761
b1a47ac1-afc8-463c-bd73-60e40540559a;17.0;172.2;25;0;INSTND;ff225c9d-64a2-43ac-a70e-62cf385a85a1;00db2312-15f2-4333-be5c-4bbff9d17aec;af0318f2-1022-41ff-8b6b-e4ec5319cd1f;be77c017-cc37-41eb-aa09-2977f1789b0f;70e86291-e811-4f10-b7da-8778b1b1d3ab;2511.279
fde1bd3b-e28e-47e9-9e07-2b1667857d78;18.0;172.1;25;0;INSTND;a463fc7c-ee5b-4fa8-9229-b041a8637051;fa8ac04c-8fa2-4c43-9aa5-cc79b1f35fb9;eed09144-b1bd-4cab-b29b-ffb1f0568d54;3a036648-7b14-4257-8c62-245e47e4d42b;70e86291-e811-4f10-b7da-8778b1b1d3ab;2512.793
f090174b-ee14-40e0-990f-49f9a7a3a296;;0.0;0;0;NOTFINISHFIRST;ab06dbae-7d6e-47c3-b63f-b7ac6b7d3bcd;e622ec5b-5ccf-457c-a67f-ec028f0ddf6e;b3d6363b-dae1-4a06-8595-d9ac5f3dc1e2;10d5e2bc-4b0b-4875-b936-3962fbb1b877;70e86291-e811-4f10-b7da-8778b1b1d3ab;
fa4dad1b-c0b7-49b4-b9e8-f4812d9c61f5;;0.0;25;0;DISQUALIFIED;eb47c439-e136-40ff-9534-5c612853f529;244b6f51-ac33-40ee-876d-9401dc9d1346;88f5f58f-d5fc-4e32-8f81-8c18b963df7b;10d5e2bc-4b0b-4875-b936-3962fbb1b877;70e86291-e811-4f10-b7da-8778b1b1d3ab;
ad23ed7a-08dd-4703-a5a8-04d35301a35d;1.0;176.3;12;12;INSTND;f55b433d-38b8-4d1d-bb3a-a709c82a0260;23e50438-a657-4fb0-a190-3262b5472f29;4728a8ee-8466-47f5-bb35-529b5c4453ef;b9d93efb-3cd0-4681-9de4-c412a866d568;830c3188-94b7-47da-a42b-076a9abcbdaa;1177.331
3ceb4640-75dd-47bc-8447-dccbf0e17163;2.0;176.2;12;9;INSTND;e7e4c72e-952e-4f64-8e8a-a47ff590fade;41195f0f-9817-4a4d-913e-c1fbbb351d9b;db0d84d7-92ce-4fc0-8649-6f36171b554a;b9d93efb-3cd0-4681-9de4-c412a866d568;830c3188-94b7-47da-a42b-076a9abcbdaa;1178.234
a9f17ce2-9eff-4642-83ae-7de24900282f;3.0;175.7;12;7;INSTND;9cb55304-0ac1-401c-beb6-1a4f445018a4;66b78301-5826-4986-b11e-fa68a7bd77a7;c069c64a-0c22-407d-a7d7-05ebb925b36f;b9d93efb-3cd0-4681-9de4-c412a866d568;830c3188-94b7-47da-a42b-076a9abcbdaa;1181.19
9459304e-3912-4a19-9cbd-bd42e0c67551;4.0;175.5;12;6;INSTND;487440af-cfa9-478a-903b-4e893ee18d3a;4a439bde-305a-4995-b3e7-783fa99f784a;83d499d5-4a7d-45fc-8998-78a879279bcf;3a036648-7b14-4257-8c62-245e47e4d42b;830c3188-94b7-47da-a42b-076a9abcbdaa;1182.357
2413ec50-c8a1-4cd2-b688-f90e0533cb6a;5.0;175.3;12;5;INSTND;6c33de41-f014-4f17-8dc9-e6f36e61026a;525b1551-f10b-4cfd-9b43-59af6fca654b;a730b7a0-edcc-4ea1-ae11-baa3f8ad60fc;b9d93efb-3cd0-4681-9de4-c412a866d568;830c3188-94b7-47da-a42b-076a9abcbdaa;1183.782
34a5f900-cdc7-464c-bfd7-eaf552c4f335;6.0;175.2;12;4;INSTND;ab06dbae-7d6e-47c3-b63f-b7ac6b7d3bcd;e622ec5b-5ccf-457c-a67f-ec028f0ddf6e;b3d6363b-dae1-4a06-8595-d9ac5f3dc1e2;10d5e2bc-4b0b-4875-b936-3962fbb1b877;830c3188-94b7-47da-a42b-076a9abcbdaa;1184.664
a5393900-54b6-4a00-b041-8bd7b7b99f43;7.0;175.1;12;3;INSTND;a73f8ef2-784f-4f52-8511-1d315fd3a459;4113c5f7-33c5-4246-b05b-3f81f4ddbd8f;bf88381b-3f50-49c7-9086-c5936d305863;b9d93efb-3cd0-4681-9de4-c412a866d568;830c3188-94b7-47da-a42b-076a9abcbdaa;1185.699
dd67ac5c-1ec0-4f27-b94e-62faa67d4d63;8.0;174.7;12;2;INSTND;9a441928-d1af-452d-afce-fa028c044932;f55f9c34-8621-437b-ae04-ae2418720204;1b1f6487-af2b-4785-8e94-bbc7a9c2d505;3a036648-7b14-4257-8c62-245e47e4d42b;830c3188-94b7-47da-a42b-076a9abcbdaa;1188.189
bc951822-4b03-4d88-8836-90ee6354620a;9.0;174.6;12;1;INSTND;a6108385-dd4c-490d-b02e-542ed0275f79;ea39a0af-95d3-4a37-81a7-f332efdb9216;c3322c16-1d0a-4e68-a236-fb831f9ce7d1;be77c017-cc37-41eb-aa09-2977f1789b0f;830c3188-94b7-47da-a42b-076a9abcbdaa;1188.56
44dbef10-5d7e-4f3f-93cf-f3a321c45ad8;10.0;174.5;12;0;INSTND;fcdd5500-a769-4ff4-8b9e-080d1849ff42;bf95d959-6a60-44f1-84b5-ded861e62578;759ec896-d815-47c4-9889-3a3541a0be3c;babb4c4c-3608-4811-93ad-3b88cc407547;830c3188-94b7-47da-a42b-076a9abcbdaa;1189.687
96efa84c-6879-4125-9288-5898c985db41;11.0;174.0;12;0;INSTND;6e940243-5167-4cc3-a343-a74337369b94;b0c1fea6-2dd5-4e26-8a18-0ac9fe6870e4;732e2da8-01e4-472f-821d-3597d2bf6791;babb4c4c-3608-4811-93ad-3b88cc407547;830c3188-94b7-47da-a42b-076a9abcbdaa;1192.532
cec805da-ad8c-4476-9342-2809e918590d;12.0;174.0;12;0;INSTND;56475aa3-f3d1-485a-b6db-ca1149e1b6fa;04bf0ce4-5062-44fc-9745-ec85a8d8f8d3;566617b1-8fa6-4956-bcb6-dbb7591eda5d;babb4c4c-3608-4811-93ad-3b88cc407547;830c3188-94b7-47da-a42b-076a9abcbdaa;1192.629
c8a64bb7-4e5a-4c0d-a0e7-94f74fc52357;13.0;173.8;12;0;INSTND;7b0687b0-90bd-4ad6-b157-8c66fb8a93cf;5dfc20db-c3c4-4ecd-9c7c-f6cfd042031a;cfd372ff-7f9f-41a3-bfad-916ca76bdfbd;3a036648-7b14-4257-8c62-245e47e4d42b;830c3188-94b7-47da-a42b-076a9abcbdaa;1193.984
03898b69-7830-48d9-854f-509026e0532f;14.0;173.6;12;0;INSTND;ff225c9d-64a2-43ac-a70e-62cf385a85a1;00db2312-15f2-4333-be5c-4bbff9d17aec;af0318f2-1022-41ff-8b6b-e4ec5319cd1f;be77c017-cc37-41eb-aa09-2977f1789b0f;830c3188-94b7-47da-a42b-076a9abcbdaa;1195.773
a4e520f4-25e7-4cf7-af64-2f20a8180534;15.0;173.6;12;0;INSTND;eb47c439-e136-40ff-9534-5c612853f529;244b6f51-ac33-40ee-876d-9401dc9d1346;88f5f58f-d5fc-4e32-8f81-8c18b963df7b;10d5e2bc-4b0b-4875-b936-3962fbb1b877;830c3188-94b7-47da-a42b-076a9abcbdaa;1195.949
3712f56b-41fd-49c1-8d86-6b95c194f3f5;16.0;173.4;12;0;INSTND;58448742-f520-466a-a1a1-bf3286cce9c3;eec1f7dc-b115-44f6-82aa-73130e5c92cf;4467c3c1-5f34-47fc-bf89-85bc4a917dc1;10d5e2bc-4b0b-4875-b936-3962fbb1b877;830c3188-94b7-47da-a42b-076a9abcbdaa;1196.891
b57b900c-c7cf-451c-958b-a951cd235ad0;17.0;173.2;12;0;INSTND;a463fc7c-ee5b-4fa8-9229-b041a8637051;fa8ac04c-8fa2-4c43-9aa5-cc79b1f35fb9;eed09144-b1bd-4cab-b29b-ffb1f0568d54;3a036648-7b14-4257-8c62-245e47e4d42b;830c3188-94b7-47da-a42b-076a9abcbdaa;1198.256
02ce127f-5ac5-453b-aede-8b35a36e6181;18.0;173.2;12;0;INSTND;66ee98b2-239c-487f-8913-aab8493ce280;71df6f0d-51c3-4cdb-9f5c-51939e6f33f2;96304d85-f379-444d-bb68-2e645fbe85a4;be77c017-cc37-41eb-aa09-2977f1789b0f;830c3188-94b7-47da-a42b-076a9abcbdaa;1198.618
79d29a89-10aa-46a7-8195-49391d9f7c6a;19.0;169.8;12;0;INSTND;2614e0f6-7e02-4076-a746-50f43fe3143c;71052114-5bce-4307-908c-4cc2bd387aac;39ab562f-a111-4e4d-b779-e0ca3d05e668;b9d93efb-3cd0-4681-9de4-c412a866d568;830c3188-94b7-47da-a42b-076a9abcbdaa;1222.656
cd2e68eb-d209-4a47-9682-695c0b327142;;167.3;6;0;OUTSTND;0c9405ff-e879-498c-964d-b39409361a6c;a1311c17-1099-4893-bba0-347bf43226a4;338bd219-f7c9-479d-acb3-a9221ba6f902;10d5e2bc-4b0b-4875-b936-3962fbb1b877;830c3188-94b7-47da-a42b-076a9abcbdaa;620.327
b7df1a78-5f34-4e80-9b47-03d5957ec62c;;172.6;4;0;OUTSTND;1abd2de7-9046-4d0a-88e3-ad801dcc235b;50b4fb1f-1785-4a9a-a65c-97d0de9daa22;db53ca6a-3362-49b9-8275-13056fe38beb;babb4c4c-3608-4811-93ad-3b88cc407547;830c3188-94b7-47da-a42b-076a9abcbdaa;400.962
f01b39f2-1fc1-4026-bd5e-946ebabba8ef;;0.0;0;0;NOTFINISHFIRST;ba579548-f026-402b-a607-38db5317d33f;ade5ef32-01ea-487c-95ca-491544a668ed;5876aacf-8285-4b62-a8eb-cba16aa26656;be77c017-cc37-41eb-aa09-2977f1789b0f;830c3188-94b7-47da-a42b-076a9abcbdaa;
60c12528-35df-48b3-be07-a9fce190d0d9;1.0;163.0;12;12;INSTND;f55b433d-38b8-4d1d-bb3a-a709c82a0260;23e50438-a657-4fb0-a190-3262b5472f29;4728a8ee-8466-47f5-bb35-529b5c4453ef;b9d93efb-3cd0-4681-9de4-c412a866d568;6e72c98a-cee7-4935-ba7b-236d0c6f6b04;1172.107
5414985a-75b3-4ac3-b047-f2f62756b864;2.0;162.8;12;9;INSTND;e7e4c72e-952e-4f64-8e8a-a47ff590fade;41195f0f-9817-4a4d-913e-c1fbbb351d9b;db0d84d7-92ce-4fc0-8649-6f36171b554a;b9d93efb-3cd0-4681-9de4-c412a866d568;6e72c98a-cee7-4935-ba7b-236d0c6f6b04;1173.108
6bd123fe-4a5f-4c95-974c-7fa15f74ca6c;3.0;162.5;12;7;INSTND;9cb55304-0ac1-401c-beb6-1a4f445018a4;66b78301-5826-4986-b11e-fa68a7bd77a7;c069c64a-0c22-407d-a7d7-05ebb925b36f;b9d93efb-3cd0-4681-9de4-c412a866d568;6e72c98a-cee7-4935-ba7b-236d0c6f6b04;1175.184
b3c72793-b28c-4982-83ad-2ba2bd778c66;4.0;162.5;12;6;INSTND;a73f8ef2-784f-4f52-8511-1d315fd3a459;4113c5f7-33c5-4246-b05b-3f81f4ddbd8f;bf88381b-3f50-49c7-9086-c5936d305863;b9d93efb-3cd0-4681-9de4-c412a866d568;6e72c98a-cee7-4935-ba7b-236d0c6f6b04;1175.637
60484e7f-96ea-4eff-a8a5-dfa9b6aa6fb9;5.0;162.2;12;5;INSTND;2614e0f6-7e02-4076-a746-50f43fe3143c;71052114-5bce-4307-908c-4cc2bd387aac;39ab562f-a111-4e4d-b779-e0ca3d05e668;b9d93efb-3cd0-4681-9de4-c412a866d568;6e72c98a-cee7-4935-ba7b-236d0c6f6b04;1177.898
0ffd0b3f-db1f-4242-9bf9-20528ab84e5f;6.0;161.9;12;4;INSTND;6c33de41-f014-4f17-8dc9-e6f36e61026a;525b1551-f10b-4cfd-9b43-59af6fca654b;a730b7a0-edcc-4ea1-ae11-baa3f8ad60fc;b9d93efb-3cd0-4681-9de4-c412a866d568;6e72c98a-cee7-4935-ba7b-236d0c6f6b04;1179.798
1162f3ac-e9ae-4d4e-9ddc-2371b037da81;7.0;161.9;12;3;INSTND;66ee98b2-239c-487f-8913-aab8493ce280;71df6f0d-51c3-4cdb-9f5c-51939e6f33f2;96304d85-f379-444d-bb68-2e645fbe85a4;be77c017-cc37-41eb-aa09-2977f1789b0f;6e72c98a-cee7-4935-ba7b-236d0c6f6b04;1179.956
7080440e-fc2e-4afc-b39b-faa5d427fa65;8.0;161.6;12;2;INSTND;ab06dbae-7d6e-47c3-b63f-b7ac6b7d3bcd;e622ec5b-5ccf-457c-a67f-ec028f0ddf6e;b3d6363b-dae1-4a06-8595-d9ac5f3dc1e2;10d5e2bc-4b0b-4875-b936-3962fbb1b877;6e72c98a-cee7-4935-ba7b-236d0c6f6b04;1182.282
44b8e5ae-c684-4857-a728-047f5e8ae57b;9.0;161.5;12;1;INSTND;9a441928-d1af-452d-afce-fa028c044932;f55f9c34-8621-437b-ae04-ae2418720204;1b1f6487-af2b-4785-8e94-bbc7a9c2d505;3a036648-7b14-4257-8c62-245e47e4d42b;6e72c98a-cee7-4935-ba7b-236d0c6f6b04;1182.521
6f2b675b-6be7-4b4a-a3aa-b9cd2f5e2e28;10.0;161.2;12;0;INSTND;a6108385-dd4c-490d-b02e-542ed0275f79;ea39a0af-95d3-4a37-81a7-f332efdb9216;c3322c16-1d0a-4e68-a236-fb831f9ce7d1;be77c017-cc37-41eb-aa09-2977f1789b0f;6e72c98a-cee7-4935-ba7b-236d0c6f6b04;1184.78
aa8db70e-76f7-41b2-85ff-23145645c81f;11.0;161.2;12;0;INSTND;ba579548-f026-402b-a607-38db5317d33f;ade5ef32-01ea-487c-95ca-491544a668ed;5876aacf-8285-4b62-a8eb-cba16aa26656;be77c017-cc37-41eb-aa09-2977f1789b0f;6e72c98a-cee7-4935-ba7b-236d0c6f6b04;1185.311
7155de62-4ab7-4921-a7b3-5035cc7d348e;12.0;161.1;12;0;INSTND;eb47c439-e136-40ff-9534-5c612853f529;244b6f51-ac33-40ee-876d-9401dc9d1346;88f5f58f-d5fc-4e32-8f81-8c18b963df7b;10d5e2bc-4b0b-4875-b936-3962fbb1b877;6e72c98a-cee7-4935-ba7b-236d0c6f6b04;1185.545
9e4cdc25-60c6-4557-89d2-3ec9ebf72c9a;13.0;160.7;12;0;INSTND;7b0687b0-90bd-4ad6-b157-8c66fb8a93cf;5dfc20db-c3c4-4ecd-9c7c-f6cfd042031a;cfd372ff-7f9f-41a3-bfad-916ca76bdfbd;3a036648-7b14-4257-8c62-245e47e4d42b;6e72c98a-cee7-4935-ba7b-236d0c6f6b04;1188.679
057c7f4e-0878-48f9-b9ef-b694dad7dcfe;14.0;160.5;12;0;INSTND;ff225c9d-64a2-43ac-a70e-62cf385a85a1;00db2312-15f2-4333-be5c-4bbff9d17aec;af0318f2-1022-41ff-8b6b-e4ec5319cd1f;be77c017-cc37-41eb-aa09-2977f1789b0f;6e72c98a-cee7-4935-ba7b-236d0c6f6b04;1190.025
ea7bbb2e-7206-43aa-90e6-1dc89236f102;15.0;160.2;12;0;INSTND;56475aa3-f3d1-485a-b6db-ca1149e1b6fa;04bf0ce4-5062-44fc-9745-ec85a8d8f8d3;566617b1-8fa6-4956-bcb6-dbb7591eda5d;babb4c4c-3608-4811-93ad-3b88cc407547;6e72c98a-cee7-4935-ba7b-236d0c6f6b04;1192.07
deb96f19-a746-48fe-b907-3a88d3e87461;16.0;160.0;12;0;INSTND;58448742-f520-466a-a1a1-bf3286cce9c3;eec1f7dc-b115-44f6-82aa-73130e5c92cf;4467c3c1-5f34-47fc-bf89-85bc4a917dc1;10d5e2bc-4b0b-4875-b936-3962fbb1b877;6e72c98a-cee7-4935-ba7b-236d0c6f6b04;1193.797
ab0683ae-59f6-4c49-a0da-ddbb18301943;17.0;160.0;12;0;INSTND;1113c9b8-c231-4ba7-a352-4c11c92ab9df;eb7f90b1-9373-4089-b2f5-adbc234a3526;db53ca6a-3362-49b9-8275-13056fe38beb;babb4c4c-3608-4811-93ad-3b88cc407547;6e72c98a-cee7-4935-ba7b-236d0c6f6b04;1194.039
103d6fd4-31e0-4280-85f0-36a6ad5a74ec;18.0;159.9;12;0;INSTND;4cff2dfb-2feb-4264-9a17-8a67189c204c;a2f51450-cb43-4d32-8eef-bda9ebb435ed;01f53195-1028-4e06-8f61-4dc1f4df54c2;3a036648-7b14-4257-8c62-245e47e4d42b;6e72c98a-cee7-4935-ba7b-236d0c6f6b04;1194.622
776f1f5a-8581-43fa-9d49-79c6949da80b;19.0;158.9;12;0;INSTND;0c9405ff-e879-498c-964d-b39409361a6c;a1311c17-1099-4893-bba0-347bf43226a4;338bd219-f7c9-479d-acb3-a9221ba6f902;10d5e2bc-4b0b-4875-b936-3962fbb1b877;6e72c98a-cee7-4935-ba7b-236d0c6f6b04;1202.307
af77a177-3bbd-4535-bb25-462c70c559c5;20.0;158.8;12;0;INSTND;a463fc7c-ee5b-4fa8-9229-b041a8637051;fa8ac04c-8fa2-4c43-9aa5-cc79b1f35fb9;eed09144-b1bd-4cab-b29b-ffb1f0568d54;3a036648-7b14-4257-8c62-245e47e4d42b;6e72c98a-cee7-4935-ba7b-236d0c6f6b04;1203.075
d4c175dd-2dc5-4d47-b196-109d7804e939;;159.7;5;0;OUTSTND;487440af-cfa9-478a-903b-4e893ee18d3a;4a439bde-305a-4995-b3e7-783fa99f784a;83d499d5-4a7d-45fc-8998-78a879279bcf;3a036648-7b14-4257-8c62-245e47e4d42b;6e72c98a-cee7-4935-ba7b-236d0c6f6b04;498.233
7f085410-12ec-4606-b8d9-a22a182458af;;159.0;4;0;OUTSTND;6e940243-5167-4cc3-a343-a74337369b94;b0c1fea6-2dd5-4e26-8a18-0ac9fe6870e4;732e2da8-01e4-472f-821d-3597d2bf6791;babb4c4c-3608-4811-93ad-3b88cc407547;6e72c98a-cee7-4935-ba7b-236d0c6f6b04;400.57
c2bd127c-8123-4aee-b4d0-d70df175529d;;156.4;1;0;OUTSTND;fcdd5500-a769-4ff4-8b9e-080d1849ff42;bf95d959-6a60-44f1-84b5-ded861e62578;759ec896-d815-47c4-9889-3a3541a0be3c;babb4c4c-3608-4811-93ad-3b88cc407547;6e72c98a-cee7-4935-ba7b-236d0c6f6b04;101.771
7b731551-5670-4dff-a8b3-9f2bc615669e;1.0;172.0;11;12;INSTND;f55b433d-38b8-4d1d-bb3a-a709c82a0260;23e50438-a657-4fb0-a190-3262b5472f29;4728a8ee-8466-47f5-bb35-529b5c4453ef;b9d93efb-3cd0-4681-9de4-c412a866d568;944c92f3-470e-44c4-a36b-a60a83799827;1238.304
5b0e2e0d-81c5-4496-b94d-9d48d948d759;2.0;171.8;11;9;INSTND;e7e4c72e-952e-4f64-8e8a-a47ff590fade;41195f0f-9817-4a4d-913e-c1fbbb351d9b;db0d84d7-92ce-4fc0-8649-6f36171b554a;b9d93efb-3cd0-4681-9de4-c412a866d568;944c92f3-470e-44c4-a36b-a60a83799827;1239.881
bc50552e-fbfa-4d37-b503-f996af5c686a;3.0;171.4;11;7;INSTND;a73f8ef2-784f-4f52-8511-1d315fd3a459;4113c5f7-33c5-4246-b05b-3f81f4ddbd8f;bf88381b-3f50-49c7-9086-c5936d305863;b9d93efb-3cd0-4681-9de4-c412a866d568;944c92f3-470e-44c4-a36b-a60a83799827;1242.292
83bdc10e-a2cc-4672-a4c6-3e121b58ba5f;4.0;171.4;11;6;INSTND;2614e0f6-7e02-4076-a746-50f43fe3143c;71052114-5bce-4307-908c-4cc2bd387aac;39ab562f-a111-4e4d-b779-e0ca3d05e668;b9d93efb-3cd0-4681-9de4-c412a866d568;944c92f3-470e-44c4-a36b-a60a83799827;1242.673
feac5869-f098-4265-a155-d2f61a9e1c63;5.0;171.4;11;5;INSTND;fcdd5500-a769-4ff4-8b9e-080d1849ff42;bf95d959-6a60-44f1-84b5-ded861e62578;759ec896-d815-47c4-9889-3a3541a0be3c;babb4c4c-3608-4811-93ad-3b88cc407547;944c92f3-470e-44c4-a36b-a60a83799827;1242.897
d3d7e14e-e2dd-47ac-bce5-2aed7e538382;6.0;171.3;11;4;INSTND;6c33de41-f014-4f17-8dc9-e6f36e61026a;525b1551-f10b-4cfd-9b43-59af6fca654b;a730b7a0-edcc-4ea1-ae11-baa3f8ad60fc;b9d93efb-3cd0-4681-9de4-c412a866d568;944c92f3-470e-44c4-a36b-a60a83799827;1243.403
6d581074-1a5b-48f5-8841-081941561cff;7.0;170.6;11;3;INSTND;eb47c439-e136-40ff-9534-5c612853f529;244b6f51-ac33-40ee-876d-9401dc9d1346;88f5f58f-d5fc-4e32-8f81-8c18b963df7b;10d5e2bc-4b0b-4875-b936-3962fbb1b877;944c92f3-470e-44c4-a36b-a60a83799827;1248.503
061527e7-1950-49db-b136-af42192d2112;8.0;170.6;11;2;INSTND;9cb55304-0ac1-401c-beb6-1a4f445018a4;66b78301-5826-4986-b11e-fa68a7bd77a7;c069c64a-0c22-407d-a7d7-05ebb925b36f;b9d93efb-3cd0-4681-9de4-c412a866d568;944c92f3-470e-44c4-a36b-a60a83799827;1248.638
15d4fd83-1f51-47e4-b3ee-4489680b808b;9.0;170.4;11;1;INSTND;ab06dbae-7d6e-47c3-b63f-b7ac6b7d3bcd;e622ec5b-5ccf-457c-a67f-ec028f0ddf6e;b3d6363b-dae1-4a06-8595-d9ac5f3dc1e2;10d5e2bc-4b0b-4875-b936-3962fbb1b877;944c92f3-470e-44c4-a36b-a60a83799827;1249.604
f8bc336d-119e-4c5c-8676-1043c8f86fb2;10.0;170.3;11;0;INSTND;66ee98b2-239c-487f-8913-aab8493ce280;71df6f0d-51c3-4cdb-9f5c-51939e6f33f2;96304d85-f379-444d-bb68-2e645fbe85a4;be77c017-cc37-41eb-aa09-2977f1789b0f;944c92f3-470e-44c4-a36b-a60a83799827;1250.858
e022c080-d2ae-4303-9c60-388a244e22f7;11.0;170.1;11;0;INSTND;a6108385-dd4c-490d-b02e-542ed0275f79;ea39a0af-95d3-4a37-81a7-f332efdb9216;c3322c16-1d0a-4e68-a236-fb831f9ce7d1;be77c017-cc37-41eb-aa09-2977f1789b0f;944c92f3-470e-44c4-a36b-a60a83799827;1251.98
d5f2962e-b16d-405d-bc8b-fc4b4e6a15ce;12.0;170.0;11;0;INSTND;56475aa3-f3d1-485a-b6db-ca1149e1b6fa;04bf0ce4-5062-44fc-9745-ec85a8d8f8d3;566617b1-8fa6-4956-bcb6-dbb7591eda5d;babb4c4c-3608-4811-93ad-3b88cc407547;944c92f3-470e-44c4-a36b-a60a83799827;1252.577
4c6ffbfc-d088-459b-aabc-68f959d1ab46;13.0;170.0;11;0;INSTND;ff225c9d-64a2-43ac-a70e-62cf385a85a1;00db2312-15f2-4333-be5c-4bbff9d17aec;af0318f2-1022-41ff-8b6b-e4ec5319cd1f;be77c017-cc37-41eb-aa09-2977f1789b0f;944c92f3-470e-44c4-a36b-a60a83799827;1252.712
41b59caa-7566-4916-bde6-1368bba61cb6;14.0;169.9;11;0;INSTND;ba579548-f026-402b-a607-38db5317d33f;ade5ef32-01ea-487c-95ca-491544a668ed;5876aacf-8285-4b62-a8eb-cba16aa26656;be77c017-cc37-41eb-aa09-2977f1789b0f;944c92f3-470e-44c4-a36b-a60a83799827;1253.763
d1ce18fd-986b-4815-b7be-cfb14deb9230;15.0;169.9;11;0;INSTND;7b0687b0-90bd-4ad6-b157-8c66fb8a93cf;5dfc20db-c3c4-4ecd-9c7c-f6cfd042031a;cfd372ff-7f9f-41a3-bfad-916ca76bdfbd;3a036648-7b14-4257-8c62-245e47e4d42b;944c92f3-470e-44c4-a36b-a60a83799827;1253.891
56cad8a5-522d-4b70-8dd6-4208335c69fb;16.0;169.8;11;0;INSTND;5cbd7eb6-ccfc-4b9f-aad1-ede25d394f7b;5b9af34e-da94-4ca2-9c4c-6be0fc8b1bbc;338bd219-f7c9-479d-acb3-a9221ba6f902;10d5e2bc-4b0b-4875-b936-3962fbb1b877;944c92f3-470e-44c4-a36b-a60a83799827;1254.079
dfd0f9b8-7005-446e-91a6-4ae68a1c36d9;17.0;169.8;11;0;INSTND;58448742-f520-466a-a1a1-bf3286cce9c3;eec1f7dc-b115-44f6-82aa-73130e5c92cf;4467c3c1-5f34-47fc-bf89-85bc4a917dc1;10d5e2bc-4b0b-4875-b936-3962fbb1b877;944c92f3-470e-44c4-a36b-a60a83799827;1254.621
06aefac1-2dfb-4507-9bd3-58b574136487;18.0;169.5;11;0;INSTND;1113c9b8-c231-4ba7-a352-4c11c92ab9df;eb7f90b1-9373-4089-b2f5-adbc234a3526;db53ca6a-3362-49b9-8275-13056fe38beb;babb4c4c-3608-4811-93ad-3b88cc407547;944c92f3-470e-44c4-a36b-a60a83799827;1256.226
ea5552c0-73f4-46e2-b1da-2abc0fdd52b5;19.0;169.2;11;0;INSTND;6e940243-5167-4cc3-a343-a74337369b94;b0c1fea6-2dd5-4e26-8a18-0ac9fe6870e4;732e2da8-01e4-472f-821d-3597d2bf6791;babb4c4c-3608-4811-93ad-3b88cc407547;944c92f3-470e-44c4-a36b-a60a83799827;1258.578
9ad41044-a53b-4a7b-ac38-ca63a6912efc;20.0;167.8;11;0;INSTND;a463fc7c-ee5b-4fa8-9229-b041a8637051;fa8ac04c-8fa2-4c43-9aa5-cc79b1f35fb9;eed09144-b1bd-4cab-b29b-ffb1f0568d54;3a036648-7b14-4257-8c62-245e47e4d42b;944c92f3-470e-44c4-a36b-a60a83799827;1269.41
b2e46f30-64dd-49a4-ad96-0c840c839d00;;166.6;8;0;OUTSTND;487440af-cfa9-478a-903b-4e893ee18d3a;4a439bde-305a-4995-b3e7-783fa99f784a;83d499d5-4a7d-45fc-8998-78a879279bcf;3a036648-7b14-4257-8c62-245e47e4d42b;944c92f3-470e-44c4-a36b-a60a83799827;929.987
11dd56bd-7b4a-409d-9909-21b60c991c0f;1.0;171.1;22;25;INSTND;f55b433d-38b8-4d1d-bb3a-a709c82a0260;23e50438-a657-4fb0-a190-3262b5472f29;4728a8ee-8466-47f5-bb35-529b5c4453ef;b9d93efb-3cd0-4681-9de4-c412a866d568;b7bf862b-3abc-446f-a192-4dc535652f19;2489.186
83bed926-c256-4fac-9d7f-d2459ca7d381;2.0;170.8;22;20;INSTND;9cb55304-0ac1-401c-beb6-1a4f445018a4;66b78301-5826-4986-b11e-fa68a7bd77a7;c069c64a-0c22-407d-a7d7-05ebb925b36f;b9d93efb-3cd0-4681-9de4-c412a866d568;b7bf862b-3abc-446f-a192-4dc535652f19;2493.721
d07cb7d2-236b-42fe-803e-f09a3944e5b3;3.0;170.7;22;16;INSTND;a73f8ef2-784f-4f52-8511-1d315fd3a459;4113c5f7-33c5-4246-b05b-3f81f4ddbd8f;bf88381b-3f50-49c7-9086-c5936d305863;b9d93efb-3cd0-4681-9de4-c412a866d568;b7bf862b-3abc-446f-a192-4dc535652f19;2495.681
70aab171-e042-4520-95e4-558422d300c2;4.0;170.7;22;13;INSTND;487440af-cfa9-478a-903b-4e893ee18d3a;4a439bde-305a-4995-b3e7-783fa99f784a;83d499d5-4a7d-45fc-8998-78a879279bcf;3a036648-7b14-4257-8c62-245e47e4d42b;b7bf862b-3abc-446f-a192-4dc535652f19;2495.854
d599161b-61b4-4680-af21-67c1876b2745;5.0;170.6;22;11;INSTND;2614e0f6-7e02-4076-a746-50f43fe3143c;71052114-5bce-4307-908c-4cc2bd387aac;39ab562f-a111-4e4d-b779-e0ca3d05e668;b9d93efb-3cd0-4681-9de4-c412a866d568;b7bf862b-3abc-446f-a192-4dc535652f19;2496.67
417c22b3-5ecd-42a6-bef8-a197aa802ce2;6.0;170.5;22;10;INSTND;e7e4c72e-952e-4f64-8e8a-a47ff590fade;41195f0f-9817-4a4d-913e-c1fbbb351d9b;db0d84d7-92ce-4fc0-8649-6f36171b554a;b9d93efb-3cd0-4681-9de4-c412a866d568;b7bf862b-3abc-446f-a192-4dc535652f19;2498.95
32e1b0e9-07a6-4fc9-8083-0940277f17c8;7.0;170.2;22;9;INSTND;fcdd5500-a769-4ff4-8b9e-080d1849ff42;bf95d959-6a60-44f1-84b5-ded861e62578;759ec896-d815-47c4-9889-3a3541a0be3c;babb4c4c-3608-4811-93ad-3b88cc407547;b7bf862b-3abc-446f-a192-4dc535652f19;2502.081
77247d0f-9231-4577-98b0-ed7deb4ae33a;8.0;170.2;22;8;INSTND;a6108385-dd4c-490d-b02e-542ed0275f79;ea39a0af-95d3-4a37-81a7-f332efdb9216;c3322c16-1d0a-4e68-a236-fb831f9ce7d1;be77c017-cc37-41eb-aa09-2977f1789b0f;b7bf862b-3abc-446f-a192-4dc535652f19;2503.405
3c47b68e-f6d7-4b51-8a5c-890072d2c218;9.0;170.1;22;7;INSTND;ab06dbae-7d6e-47c3-b63f-b7ac6b7d3bcd;e622ec5b-5ccf-457c-a67f-ec028f0ddf6e;b3d6363b-dae1-4a06-8595-d9ac5f3dc1e2;10d5e2bc-4b0b-4875-b936-3962fbb1b877;b7bf862b-3abc-446f-a192-4dc535652f19;2503.554
750ab286-a2c3-4d3c-aa5f-b11cff5c4469;10.0;170.1;22;6;INSTND;7b0687b0-90bd-4ad6-b157-8c66fb8a93cf;5dfc20db-c3c4-4ecd-9c7c-f6cfd042031a;cfd372ff-7f9f-41a3-bfad-916ca76bdfbd;3a036648-7b14-4257-8c62-245e47e4d42b;b7bf862b-3abc-446f-a192-4dc535652f19;2504.323
d252121d-db19-4ebe-8461-0619e3cd10bf;11.0;169.9;22;5;INSTND;ff225c9d-64a2-43ac-a70e-62cf385a85a1;00db2312-15f2-4333-be5c-4bbff9d17aec;af0318f2-1022-41ff-8b6b-e4ec5319cd1f;be77c017-cc37-41eb-aa09-2977f1789b0f;b7bf862b-3abc-446f-a192-4dc535652f19;2506.645
e6a561e2-f71e-4ccc-9ac9-be922e34da35;12.0;169.9;22;4;INSTND;56475aa3-f3d1-485a-b6db-ca1149e1b6fa;04bf0ce4-5062-44fc-9745-ec85a8d8f8d3;566617b1-8fa6-4956-bcb6-dbb7591eda5d;babb4c4c-3608-4811-93ad-3b88cc407547;b7bf862b-3abc-446f-a192-4dc535652f19;2506.749
00b2f32e-73d2-4eee-bb79-b4b7c09afef7;13.0;169.9;22;3;INSTND;ba579548-f026-402b-a607-38db5317d33f;ade5ef32-01ea-487c-95ca-491544a668ed;5876aacf-8285-4b62-a8eb-cba16aa26656;be77c017-cc37-41eb-aa09-2977f1789b0f;b7bf862b-3abc-446f-a192-4dc535652f19;2506.818
c3056f09-859f-45aa-beeb-5b5995e71650;14.0;171.0;22;2;INSTND;66ee98b2-239c-487f-8913-aab8493ce280;71df6f0d-51c3-4cdb-9f5c-51939e6f33f2;96304d85-f379-444d-bb68-2e645fbe85a4;be77c017-cc37-41eb-aa09-2977f1789b0f;b7bf862b-3abc-446f-a192-4dc535652f19;2506.986
1f62487e-91f9-4bf6-b482-fb57634e7e0e;15.0;169.8;22;1;INSTND;eb47c439-e136-40ff-9534-5c612853f529;244b6f51-ac33-40ee-876d-9401dc9d1346;88f5f58f-d5fc-4e32-8f81-8c18b963df7b;10d5e2bc-4b0b-4875-b936-3962fbb1b877;b7bf862b-3abc-446f-a192-4dc535652f19;2507.944
45d34b2d-0c26-4eb9-b531-a5fa0cc6ae6d;16.0;169.3;22;0;INSTND;6c33de41-f014-4f17-8dc9-e6f36e61026a;525b1551-f10b-4cfd-9b43-59af6fca654b;a730b7a0-edcc-4ea1-ae11-baa3f8ad60fc;b9d93efb-3cd0-4681-9de4-c412a866d568;b7bf862b-3abc-446f-a192-4dc535652f19;2515.526
3b532bcd-cad3-4630-9c3b-b11835e816e0;17.0;169.3;22;0;INSTND;58448742-f520-466a-a1a1-bf3286cce9c3;eec1f7dc-b115-44f6-82aa-73130e5c92cf;4467c3c1-5f34-47fc-bf89-85bc4a917dc1;10d5e2bc-4b0b-4875-b936-3962fbb1b877;b7bf862b-3abc-446f-a192-4dc535652f19;2516.111
4a8c9a59-0e86-4e8e-9108-f9c3d6271afc;18.0;168.5;22;0;INSTND;a463fc7c-ee5b-4fa8-9229-b041a8637051;fa8ac04c-8fa2-4c43-9aa5-cc79b1f35fb9;eed09144-b1bd-4cab-b29b-ffb1f0568d54;3a036648-7b14-4257-8c62-245e47e4d42b;b7bf862b-3abc-446f-a192-4dc535652f19;2527.372
74f7e8e7-1b10-4d3f-ab32-0e4125a6dd9f;;169.1;13;0;OUTSTND;1113c9b8-c231-4ba7-a352-4c11c92ab9df;eb7f90b1-9373-4089-b2f5-adbc234a3526;db53ca6a-3362-49b9-8275-13056fe38beb;babb4c4c-3608-4811-93ad-3b88cc407547;b7bf862b-3abc-446f-a192-4dc535652f19;1488.271
c24686b3-522e-4857-b86c-b6e4e74c5a3f;;169.3;13;0;OUTSTND;5cbd7eb6-ccfc-4b9f-aad1-ede25d394f7b;5b9af34e-da94-4ca2-9c4c-6be0fc8b1bbc;338bd219-f7c9-479d-acb3-a9221ba6f902;10d5e2bc-4b0b-4875-b936-3962fbb1b877;b7bf862b-3abc-446f-a192-4dc535652f19;1486.391
d8e2e5f8-f7ad-47f4-85c4-4d532eaa864f;;167.3;12;0;OUTSTND;9a441928-d1af-452d-afce-fa028c044932;f55f9c34-8621-437b-ae04-ae2418720204;1b1f6487-af2b-4785-8e94-bbc7a9c2d505;3a036648-7b14-4257-8c62-245e47e4d42b;b7bf862b-3abc-446f-a192-4dc535652f19;1388.743
42ab87ab-b761-41ae-ace2-eda96583de40;;160.9;9;0;OUTSTND;6e940243-5167-4cc3-a343-a74337369b94;b0c1fea6-2dd5-4e26-8a18-0ac9fe6870e4;732e2da8-01e4-472f-821d-3597d2bf6791;babb4c4c-3608-4811-93ad-3b88cc407547;b7bf862b-3abc-446f-a192-4dc535652f19;1082.96
2e0881dc-8cda-45ea-91df-54f368163bd5;1.0;177.9;10;12;INSTND;e7e4c72e-952e-4f64-8e8a-a47ff590fade;41195f0f-9817-4a4d-913e-c1fbbb351d9b;db0d84d7-92ce-4fc0-8649-6f36171b554a;b9d93efb-3cd0-4681-9de4-c412a866d568;da0eedad-b35f-4e27-82aa-41d437e2a939;1193.657
2fb02cd4-fb1c-4ecb-8cfa-05a2a4b1b1af;2.0;177.4;10;9;INSTND;f55b433d-38b8-4d1d-bb3a-a709c82a0260;23e50438-a657-4fb0-a190-3262b5472f29;4728a8ee-8466-47f5-bb35-529b5c4453ef;b9d93efb-3cd0-4681-9de4-c412a866d568;da0eedad-b35f-4e27-82aa-41d437e2a939;1197.168
d6c2126a-cf19-4ee2-ba84-d55c9241a91b;3.0;177.1;10;7;INSTND;6c33de41-f014-4f17-8dc9-e6f36e61026a;525b1551-f10b-4cfd-9b43-59af6fca654b;a730b7a0-edcc-4ea1-ae11-baa3f8ad60fc;b9d93efb-3cd0-4681-9de4-c412a866d568;da0eedad-b35f-4e27-82aa-41d437e2a939;1198.729
ffead8e5-4397-4efc-83c4-d4753c930d29;4.0;177.1;10;6;INSTND;ab06dbae-7d6e-47c3-b63f-b7ac6b7d3bcd;e622ec5b-5ccf-457c-a67f-ec028f0ddf6e;b3d6363b-dae1-4a06-8595-d9ac5f3dc1e2;10d5e2bc-4b0b-4875-b936-3962fbb1b877;da0eedad-b35f-4e27-82aa-41d437e2a939;1199.315
790da861-56a2-4a10-906f-6a0cfdc243eb;5.0;176.9;10;5;INSTND;487440af-cfa9-478a-903b-4e893ee18d3a;4a439bde-305a-4995-b3e7-783fa99f784a;83d499d5-4a7d-45fc-8998-78a879279bcf;3a036648-7b14-4257-8c62-245e47e4d42b;da0eedad-b35f-4e27-82aa-41d437e2a939;1200.364
846f831e-acc6-4a8f-9eee-8ece8aaf51a6;6.0;176.8;10;4;INSTND;9cb55304-0ac1-401c-beb6-1a4f445018a4;66b78301-5826-4986-b11e-fa68a7bd77a7;c069c64a-0c22-407d-a7d7-05ebb925b36f;b9d93efb-3cd0-4681-9de4-c412a866d568;da0eedad-b35f-4e27-82aa-41d437e2a939;1200.714
4adc42e3-81e0-4125-8260-da332baf7da0;7.0;176.8;10;3;INSTND;fcdd5500-a769-4ff4-8b9e-080d1849ff42;bf95d959-6a60-44f1-84b5-ded861e62578;759ec896-d815-47c4-9889-3a3541a0be3c;babb4c4c-3608-4811-93ad-3b88cc407547;da0eedad-b35f-4e27-82aa-41d437e2a939;1200.888
cedb7e4f-7428-4f55-ae78-17a4fa9d5d23;8.0;176.5;10;2;INSTND;a6108385-dd4c-490d-b02e-542ed0275f79;ea39a0af-95d3-4a37-81a7-f332efdb9216;c3322c16-1d0a-4e68-a236-fb831f9ce7d1;be77c017-cc37-41eb-aa09-2977f1789b0f;da0eedad-b35f-4e27-82aa-41d437e2a939;1202.843
96b09297-0233-4c4f-ba07-ebe73b9139e1;9.0;176.4;10;1;INSTND;6e940243-5167-4cc3-a343-a74337369b94;b0c1fea6-2dd5-4e26-8a18-0ac9fe6870e4;732e2da8-01e4-472f-821d-3597d2bf6791;babb4c4c-3608-4811-93ad-3b88cc407547;da0eedad-b35f-4e27-82aa-41d437e2a939;1203.58
a586bf85-c845-4296-b800-e84bece1a037;10.0;176.4;10;0;INSTND;7b0687b0-90bd-4ad6-b157-8c66fb8a93cf;5dfc20db-c3c4-4ecd-9c7c-f6cfd042031a;cfd372ff-7f9f-41a3-bfad-916ca76bdfbd;3a036648-7b14-4257-8c62-245e47e4d42b;da0eedad-b35f-4e27-82aa-41d437e2a939;1203.863
ed8aa87a-3a51-4cab-9161-4530d7bbb513;11.0;176.3;10;0;INSTND;a73f8ef2-784f-4f52-8511-1d315fd3a459;4113c5f7-33c5-4246-b05b-3f81f4ddbd8f;bf88381b-3f50-49c7-9086-c5936d305863;b9d93efb-3cd0-4681-9de4-c412a866d568;da0eedad-b35f-4e27-82aa-41d437e2a939;1204.555
8783484c-0be9-4925-96da-40667f0e1f52;12.0;176.2;10;0;INSTND;9a441928-d1af-452d-afce-fa028c044932;f55f9c34-8621-437b-ae04-ae2418720204;1b1f6487-af2b-4785-8e94-bbc7a9c2d505;3a036648-7b14-4257-8c62-245e47e4d42b;da0eedad-b35f-4e27-82aa-41d437e2a939;1205.062
d31ed7fe-0aeb-4b90-aa80-be3b314ddec2;13.0;176.1;10;0;INSTND;66ee98b2-239c-487f-8913-aab8493ce280;71df6f0d-51c3-4cdb-9f5c-51939e6f33f2;96304d85-f379-444d-bb68-2e645fbe85a4;be77c017-cc37-41eb-aa09-2977f1789b0f;da0eedad-b35f-4e27-82aa-41d437e2a939;1205.59
dfe89bca-2781-4b10-bb6b-81fed705ed80;14.0;175.6;10;0;INSTND;2614e0f6-7e02-4076-a746-50f43fe3143c;71052114-5bce-4307-908c-4cc2bd387aac;39ab562f-a111-4e4d-b779-e0ca3d05e668;b9d93efb-3cd0-4681-9de4-c412a866d568;da0eedad-b35f-4e27-82aa-41d437e2a939;1209.033
0eb9de8d-b426-4854-9825-e9d0dbec433c;15.0;175.2;10;0;INSTND;ff225c9d-64a2-43ac-a70e-62cf385a85a1;00db2312-15f2-4333-be5c-4bbff9d17aec;af0318f2-1022-41ff-8b6b-e4ec5319cd1f;be77c017-cc37-41eb-aa09-2977f1789b0f;da0eedad-b35f-4e27-82aa-41d437e2a939;1211.792
a24df85f-958f-436e-afe4-c57ff19f660c;16.0;175.1;10;0;INSTND;1abd2de7-9046-4d0a-88e3-ad801dcc235b;50b4fb1f-1785-4a9a-a65c-97d0de9daa22;db53ca6a-3362-49b9-8275-13056fe38beb;babb4c4c-3608-4811-93ad-3b88cc407547;da0eedad-b35f-4e27-82aa-41d437e2a939;1212.87
40674ee6-5d5c-4617-821d-a17c1557d638;17.0;174.9;10;0;INSTND;4cff2dfb-2feb-4264-9a17-8a67189c204c;a2f51450-cb43-4d32-8eef-bda9ebb435ed;01f53195-1028-4e06-8f61-4dc1f4df54c2;3a036648-7b14-4257-8c62-245e47e4d42b;da0eedad-b35f-4e27-82aa-41d437e2a939;1214.125
0ffd6562-a0f6-4a37-947f-ac711b376be9;18.0;174.8;10;0;INSTND;0c9405ff-e879-498c-964d-b39409361a6c;a1311c17-1099-4893-bba0-347bf43226a4;338bd219-f7c9-479d-acb3-a9221ba6f902;10d5e2bc-4b0b-4875-b936-3962fbb1b877;da0eedad-b35f-4e27-82aa-41d437e2a939;1214.625
3b52f5b5-6def-4571-9545-4089def4f26f;19.0;174.3;10;0;INSTND;58448742-f520-466a-a1a1-bf3286cce9c3;eec1f7dc-b115-44f6-82aa-73130e5c92cf;4467c3c1-5f34-47fc-bf89-85bc4a917dc1;10d5e2bc-4b0b-4875-b936-3962fbb1b877;da0eedad-b35f-4e27-82aa-41d437e2a939;1218.386
be7a1dd3-424f-4f2c-b392-3e11d59c6f1b;20.0;174.0;10;0;INSTND;56475aa3-f3d1-485a-b6db-ca1149e1b6fa;04bf0ce4-5062-44fc-9745-ec85a8d8f8d3;566617b1-8fa6-4956-bcb6-dbb7591eda5d;babb4c4c-3608-4811-93ad-3b88cc407547;da0eedad-b35f-4e27-82aa-41d437e2a939;1220.576
849bc5b8-e794-4ef3-b7b7-7bdb60ab8135;21.0;173.2;10;0;INSTND;a463fc7c-ee5b-4fa8-9229-b041a8637051;fa8ac04c-8fa2-4c43-9aa5-cc79b1f35fb9;eed09144-b1bd-4cab-b29b-ffb1f0568d54;3a036648-7b14-4257-8c62-245e47e4d42b;da0eedad-b35f-4e27-82aa-41d437e2a939;1226.189
a6c5a60b-6c2d-4bde-91d4-fffa43db6ee3;;170.5;1;0;OUTSTND;ba579548-f026-402b-a607-38db5317d33f;ade5ef32-01ea-487c-95ca-491544a668ed;5876aacf-8285-4b62-a8eb-cba16aa26656;be77c017-cc37-41eb-aa09-2977f1789b0f;da0eedad-b35f-4e27-82aa-41d437e2a939;124.513
63110950-a70f-46df-ac98-68005d8f2381;1.0;162.0;25;25;INSTND;e7e4c72e-952e-4f64-8e8a-a47ff590fade;41195f0f-9817-4a4d-913e-c1fbbb351d9b;db0d84d7-92ce-4fc0-8649-6f36171b554a;b9d93efb-3cd0-4681-9de4-c412a866d568;99bc8d22-7f10-4790-ad76-887781411583;2456.374
9acafd01-3745-492f-9c14-d3bb87de543b;2.0;161.9;25;20;INSTND;fcdd5500-a769-4ff4-8b9e-080d1849ff42;bf95d959-6a60-44f1-84b5-ded861e62578;759ec896-d815-47c4-9889-3a3541a0be3c;babb4c4c-3608-4811-93ad-3b88cc407547;99bc8d22-7f10-4790-ad76-887781411583;2457.935
cd2e7da8-3cef-4c95-9a60-ebb1435a0daa;3.0;161.9;25;16;INSTND;9cb55304-0ac1-401c-beb6-1a4f445018a4;66b78301-5826-4986-b11e-fa68a7bd77a7;c069c64a-0c22-407d-a7d7-05ebb925b36f;b9d93efb-3cd0-4681-9de4-c412a866d568;99bc8d22-7f10-4790-ad76-887781411583;2458.591
65364367-07f8-47e6-af6c-e54e49951b73;4.0;161.8;25;13;INSTND;66ee98b2-239c-487f-8913-aab8493ce280;71df6f0d-51c3-4cdb-9f5c-51939e6f33f2;96304d85-f379-444d-bb68-2e645fbe85a4;be77c017-cc37-41eb-aa09-2977f1789b0f;99bc8d22-7f10-4790-ad76-887781411583;2460.052
ee5e7e9b-9705-4bb9-8db9-7637052d2b8e;5.0;161.5;25;11;INSTND;6c33de41-f014-4f17-8dc9-e6f36e61026a;525b1551-f10b-4cfd-9b43-59af6fca654b;a730b7a0-edcc-4ea1-ae11-baa3f8ad60fc;b9d93efb-3cd0-4681-9de4-c412a866d568;99bc8d22-7f10-4790-ad76-887781411583;2463.641
bbb5d758-c46d-4678-9b56-385690ac8c7a;6.0;161.4;25;10;INSTND;ba579548-f026-402b-a607-38db5317d33f;ade5ef32-01ea-487c-95ca-491544a668ed;5876aacf-8285-4b62-a8eb-cba16aa26656;be77c017-cc37-41eb-aa09-2977f1789b0f;99bc8d22-7f10-4790-ad76-887781411583;2464.903
99c3f17a-dd25-405a-a56e-d6079931dd45;7.0;161.4;25;9;INSTND;a6108385-dd4c-490d-b02e-542ed0275f79;ea39a0af-95d3-4a37-81a7-f332efdb9216;c3322c16-1d0a-4e68-a236-fb831f9ce7d1;be77c017-cc37-41eb-aa09-2977f1789b0f;99bc8d22-7f10-4790-ad76-887781411583;2466.138
e066edb2-51da-4015-8925-e83f01a92196;8.0;161.3;25;8;INSTND;eb47c439-e136-40ff-9534-5c612853f529;244b6f51-ac33-40ee-876d-9401dc9d1346;88f5f58f-d5fc-4e32-8f81-8c18b963df7b;10d5e2bc-4b0b-4875-b936-3962fbb1b877;99bc8d22-7f10-4790-ad76-887781411583;2467.297
0550c5ac-f648-4add-8b3b-f58800fcf52b;9.0;161.0;25;7;INSTND;ff225c9d-64a2-43ac-a70e-62cf385a85a1;00db2312-15f2-4333-be5c-4bbff9d17aec;af0318f2-1022-41ff-8b6b-e4ec5319cd1f;be77c017-cc37-41eb-aa09-2977f1789b0f;99bc8d22-7f10-4790-ad76-887781411583;2472.253
c1d35673-d64f-40c3-8fe0-3ddf56d54471;10.0;160.9;25;6;INSTND;7b0687b0-90bd-4ad6-b157-8c66fb8a93cf;5dfc20db-c3c4-4ecd-9c7c-f6cfd042031a;cfd372ff-7f9f-41a3-bfad-916ca76bdfbd;3a036648-7b14-4257-8c62-245e47e4d42b;99bc8d22-7f10-4790-ad76-887781411583;2473.613
4997c150-b04d-44f4-9b51-4d9d7210d380;11.0;160.8;25;5;INSTND;487440af-cfa9-478a-903b-4e893ee18d3a;4a439bde-305a-4995-b3e7-783fa99f784a;83d499d5-4a7d-45fc-8998-78a879279bcf;3a036648-7b14-4257-8c62-245e47e4d42b;99bc8d22-7f10-4790-ad76-887781411583;2474.158
f7918aca-eeeb-48d6-a953-c9570f4bc586;12.0;160.6;25;4;INSTND;f55b433d-38b8-4d1d-bb3a-a709c82a0260;23e50438-a657-4fb0-a190-3262b5472f29;4728a8ee-8466-47f5-bb35-529b5c4453ef;b9d93efb-3cd0-4681-9de4-c412a866d568;99bc8d22-7f10-4790-ad76-887781411583;2477.264
e8f5875a-adab-40ec-a447-3215cf704a1b;13.0;160.6;25;3;INSTND;56475aa3-f3d1-485a-b6db-ca1149e1b6fa;04bf0ce4-5062-44fc-9745-ec85a8d8f8d3;566617b1-8fa6-4956-bcb6-dbb7591eda5d;babb4c4c-3608-4811-93ad-3b88cc407547;99bc8d22-7f10-4790-ad76-887781411583;2477.494
1e5d239c-acdd-460b-9734-7c15ea8c3764;14.0;160.4;25;2;INSTND;ab06dbae-7d6e-47c3-b63f-b7ac6b7d3bcd;e622ec5b-5ccf-457c-a67f-ec028f0ddf6e;b3d6363b-dae1-4a06-8595-d9ac5f3dc1e2;10d5e2bc-4b0b-4875-b936-3962fbb1b877;99bc8d22-7f10-4790-ad76-887781411583;2480.884
1f2a0979-3ab7-4849-8fa2-ab19c6860039;15.0;160.3;25;1;INSTND;58448742-f520-466a-a1a1-bf3286cce9c3;eec1f7dc-b115-44f6-82aa-73130e5c92cf;4467c3c1-5f34-47fc-bf89-85bc4a917dc1;10d5e2bc-4b0b-4875-b936-3962fbb1b877;99bc8d22-7f10-4790-ad76-887781411583;2482.1
57d4dabe-f563-49c4-b36d-500154847f5b;16.0;160.0;25;0;INSTND;1113c9b8-c231-4ba7-a352-4c11c92ab9df;eb7f90b1-9373-4089-b2f5-adbc234a3526;db53ca6a-3362-49b9-8275-13056fe38beb;babb4c4c-3608-4811-93ad-3b88cc407547;99bc8d22-7f10-4790-ad76-887781411583;2487.803
54d28233-dbc6-4932-87b9-735ede60c3bf;17.0;160.5;25;0;INSTND;4cff2dfb-2feb-4264-9a17-8a67189c204c;a2f51450-cb43-4d32-8eef-bda9ebb435ed;01f53195-1028-4e06-8f61-4dc1f4df54c2;3a036648-7b14-4257-8c62-245e47e4d42b;99bc8d22-7f10-4790-ad76-887781411583;2496.052
2bfd2feb-d6e6-4435-92b8-b574f2941193;18.0;158.8;25;0;INSTND;0c9405ff-e879-498c-964d-b39409361a6c;a1311c17-1099-4893-bba0-347bf43226a4;338bd219-f7c9-479d-acb3-a9221ba6f902;10d5e2bc-4b0b-4875-b936-3962fbb1b877;99bc8d22-7f10-4790-ad76-887781411583;2505.677
f4c6a7df-8663-483f-bd5f-922f71adfb07;;159.2;18;0;OUTSTND;2614e0f6-7e02-4076-a746-50f43fe3143c;71052114-5bce-4307-908c-4cc2bd387aac;39ab562f-a111-4e4d-b779-e0ca3d05e668;b9d93efb-3cd0-4681-9de4-c412a866d568;99bc8d22-7f10-4790-ad76-887781411583;1799.747
96553071-42af-4976-b528-7505aaba8580;;161.2;15;0;OUTSTND;a73f8ef2-784f-4f52-8511-1d315fd3a459;4113c5f7-33c5-4246-b05b-3f81f4ddbd8f;bf88381b-3f50-49c7-9086-c5936d305863;b9d93efb-3cd0-4681-9de4-c412a866d568;99bc8d22-7f10-4790-ad76-887781411583;1481.199
8505fb65-9233-4fd2-a221-0dc516bfbe21;;161.2;14;0;OUTSTND;9a441928-d1af-452d-afce-fa028c044932;f55f9c34-8621-437b-ae04-ae2418720204;1b1f6487-af2b-4785-8e94-bbc7a9c2d505;3a036648-7b14-4257-8c62-245e47e4d42b;99bc8d22-7f10-4790-ad76-887781411583;1382.78
0b036b82-af5a-4009-8b41-a292e47f072a;;160.7;13;0;OUTSTND;6e940243-5167-4cc3-a343-a74337369b94;b0c1fea6-2dd5-4e26-8a18-0ac9fe6870e4;732e2da8-01e4-472f-821d-3597d2bf6791;babb4c4c-3608-4811-93ad-3b88cc407547;99bc8d22-7f10-4790-ad76-887781411583;1287.879
6eebf47b-8182-442c-93b6-d95e238f91eb;;158.2;11;0;OUTSTND;a463fc7c-ee5b-4fa8-9229-b041a8637051;fa8ac04c-8fa2-4c43-9aa5-cc79b1f35fb9;eed09144-b1bd-4cab-b29b-ffb1f0568d54;3a036648-7b14-4257-8c62-245e47e4d42b;99bc8d22-7f10-4790-ad76-887781411583;1106.896
